"","DATE","SITE","SPECIES","COUNT"
"1",2007-06-20,"ANACAPA","urchin",23
"2",2007-06-20,"ANACAPA","urchin",28
"3",2007-06-20,"ANACAPA","urchin",8
"4",2007-06-20,"ANACAPA","urchin",14
"5",2007-07-05,"ANACAPA","urchin",3
"6",2007-07-05,"ANACAPA","urchin",1
"7",2007-07-05,"ANACAPA","urchin",6
"8",2008-01-15,"ANACAPA","urchin",8
"9",2008-01-15,"ANACAPA","urchin",19
"10",2008-01-15,"ANACAPA","urchin",18
"11",2008-01-15,"ANACAPA","urchin",21
"12",2008-02-13,"ANACAPA","urchin",2
"13",2008-02-13,"ANACAPA","urchin",6
"14",2008-02-13,"ANACAPA","urchin",3
"15",2008-02-13,"ANACAPA","urchin",3
"16",2008-02-27,"ANACAPA","urchin",2
"17",2008-02-27,"ANACAPA","urchin",5
"18",2008-02-27,"ANACAPA","urchin",3
"19",2008-02-27,"ANACAPA","urchin",6
"20",2008-04-09,"ANACAPA","urchin",20
"21",2008-04-09,"ANACAPA","urchin",25
"22",2008-04-09,"ANACAPA","urchin",25
"23",2008-04-09,"ANACAPA","urchin",51
"24",2008-05-07,"ANACAPA","urchin",7
"25",2008-05-07,"ANACAPA","urchin",9
"26",2008-05-07,"ANACAPA","urchin",3
"27",2008-05-07,"ANACAPA","urchin",5
"28",2008-06-18,"ANACAPA","urchin",1
"29",2008-09-10,"ANACAPA","urchin",1
"30",2009-01-28,"ANACAPA","urchin",1
"31",2009-03-25,"ANACAPA","urchin",7
"32",2009-03-25,"ANACAPA","urchin",19
"33",2009-03-25,"ANACAPA","urchin",48
"34",2009-03-25,"ANACAPA","urchin",75
"35",2009-04-08,"ANACAPA","urchin",9
"36",2009-04-08,"ANACAPA","urchin",6
"37",2009-04-08,"ANACAPA","urchin",11
"38",2009-06-03,"ANACAPA","urchin",19
"39",2009-06-03,"ANACAPA","urchin",15
"40",2009-06-03,"ANACAPA","urchin",26
"41",2009-06-03,"ANACAPA","urchin",60
"42",2009-06-17,"ANACAPA","urchin",7
"43",2009-06-17,"ANACAPA","urchin",20
"44",2009-06-17,"ANACAPA","urchin",18
"45",2009-06-17,"ANACAPA","urchin",23
"46",2009-07-01,"ANACAPA","urchin",1
"47",2009-07-01,"ANACAPA","urchin",2
"48",2009-07-01,"ANACAPA","urchin",1
"49",2009-07-01,"ANACAPA","urchin",4
"50",2009-07-15,"ANACAPA","urchin",1
"51",2009-07-15,"ANACAPA","urchin",2
"52",2009-07-29,"ANACAPA","urchin",1
"53",2009-12-30,"ANACAPA","urchin",1
"54",2010-02-23,"ANACAPA","urchin",2
"55",2010-02-23,"ANACAPA","urchin",3
"56",2010-02-23,"ANACAPA","urchin",2
"57",2010-02-23,"ANACAPA","urchin",4
"58",2010-03-17,"ANACAPA","urchin",1
"59",2010-03-17,"ANACAPA","urchin",1
"60",2010-03-24,"ANACAPA","urchin",6
"61",2010-03-24,"ANACAPA","urchin",8
"62",2010-03-24,"ANACAPA","urchin",11
"63",2010-03-24,"ANACAPA","urchin",17
"64",2010-04-27,"ANACAPA","urchin",1
"65",2010-04-27,"ANACAPA","urchin",2
"66",2010-04-27,"ANACAPA","urchin",1
"67",2010-04-27,"ANACAPA","urchin",4
"68",2010-05-04,"ANACAPA","urchin",1
"69",2010-05-04,"ANACAPA","urchin",1
"70",2010-05-04,"ANACAPA","urchin",2
"71",2010-05-18,"ANACAPA","urchin",1
"72",2010-05-18,"ANACAPA","urchin",2
"73",2010-05-18,"ANACAPA","urchin",2
"74",2010-06-01,"ANACAPA","urchin",2
"75",2010-06-01,"ANACAPA","urchin",1
"76",2010-06-23,"ANACAPA","urchin",1
"77",2010-06-23,"ANACAPA","urchin",2
"78",2010-07-14,"ANACAPA","urchin",1
"79",2010-07-28,"ANACAPA","urchin",2
"80",2010-09-08,"ANACAPA","urchin",1
"81",2010-09-22,"ANACAPA","urchin",1
"82",2011-01-12,"ANACAPA","urchin",5
"83",2011-01-12,"ANACAPA","urchin",6
"84",2011-01-12,"ANACAPA","urchin",5
"85",2011-01-12,"ANACAPA","urchin",7
"86",2011-01-26,"ANACAPA","urchin",3
"87",2011-01-26,"ANACAPA","urchin",4
"88",2011-01-26,"ANACAPA","urchin",5
"89",2011-01-26,"ANACAPA","urchin",7
"90",2011-02-23,"ANACAPA","urchin",1
"91",2011-02-23,"ANACAPA","urchin",9
"92",2011-02-23,"ANACAPA","urchin",7
"93",2011-02-23,"ANACAPA","urchin",10
"94",2011-03-10,"ANACAPA","urchin",24
"95",2011-03-10,"ANACAPA","urchin",11
"96",2011-03-10,"ANACAPA","urchin",23
"97",2011-03-10,"ANACAPA","urchin",15
"98",2011-03-23,"ANACAPA","urchin",31
"99",2011-03-23,"ANACAPA","urchin",30
"100",2011-03-23,"ANACAPA","urchin",30
"101",2011-03-23,"ANACAPA","urchin",37
"102",2011-04-06,"ANACAPA","urchin",10
"103",2011-04-06,"ANACAPA","urchin",5
"104",2011-04-06,"ANACAPA","urchin",3
"105",2011-04-06,"ANACAPA","urchin",11
"106",2011-04-27,"ANACAPA","urchin",14
"107",2011-04-27,"ANACAPA","urchin",3
"108",2011-04-27,"ANACAPA","urchin",8
"109",2011-04-27,"ANACAPA","urchin",6
"110",2011-06-08,"ANACAPA","urchin",1
"111",2011-06-08,"ANACAPA","urchin",1
"112",2011-06-15,"ANACAPA","urchin",1
"113",2011-06-28,"ANACAPA","urchin",1
"114",2011-06-28,"ANACAPA","urchin",1
"115",2011-07-20,"ANACAPA","urchin",1
"116",2011-08-23,"ANACAPA","urchin",1
"117",2012-02-21,"ANACAPA","urchin",1
"118",2012-02-21,"ANACAPA","urchin",1
"119",2012-03-20,"ANACAPA","urchin",3
"120",2012-03-20,"ANACAPA","urchin",2
"121",2012-03-20,"ANACAPA","urchin",3
"122",2012-03-20,"ANACAPA","urchin",1
"123",2012-04-18,"ANACAPA","urchin",2
"124",2012-04-18,"ANACAPA","urchin",3
"125",2012-04-18,"ANACAPA","urchin",2
"126",2012-04-18,"ANACAPA","urchin",5
"127",2012-05-15,"ANACAPA","urchin",2
"128",2012-05-15,"ANACAPA","urchin",3
"129",2012-05-15,"ANACAPA","urchin",5
"130",2012-05-15,"ANACAPA","urchin",2
"131",2012-05-30,"ANACAPA","urchin",4
"132",2012-05-30,"ANACAPA","urchin",5
"133",2012-05-30,"ANACAPA","urchin",1
"134",2012-05-30,"ANACAPA","urchin",2
"135",2012-07-10,"ANACAPA","urchin",1
"136",2013-02-05,"ANACAPA","urchin",1
"137",2013-02-05,"ANACAPA","urchin",2
"138",2013-03-05,"ANACAPA","urchin",1
"139",2013-04-02,"ANACAPA","urchin",2
"140",2013-04-02,"ANACAPA","urchin",4
"141",2013-04-02,"ANACAPA","urchin",2
"142",2013-04-02,"ANACAPA","urchin",1
"143",2013-04-30,"ANACAPA","urchin",2
"144",2013-04-30,"ANACAPA","urchin",1
"145",2013-04-30,"ANACAPA","urchin",4
"146",2013-04-30,"ANACAPA","urchin",4
"147",2013-07-10,"ANACAPA","urchin",1
"148",2014-01-22,"ANACAPA","urchin",1
"149",2014-03-05,"ANACAPA","urchin",1
"150",2014-03-05,"ANACAPA","urchin",1
"151",2014-05-14,"ANACAPA","urchin",1
"152",2014-05-14,"ANACAPA","urchin",1
"153",2014-05-28,"ANACAPA","urchin",1
"154",2015-05-15,"ANACAPA","urchin",1
"155",2010-07-13,"FBPC","urchin",1
"156",2010-07-29,"FBPC","urchin",2
"157",2010-12-16,"FBPC","urchin",1
"158",2011-08-01,"FBPC","urchin",1
"159",2011-08-01,"FBPC","urchin",1
"160",2011-08-16,"FBPC","urchin",1
"161",2011-08-16,"FBPC","urchin",1
"162",2012-07-19,"FBPC","urchin",1
"163",2012-12-09,"FBPC","urchin",1
"164",2013-08-05,"FBPC","urchin",1
"165",2013-08-05,"FBPC","urchin",1
"166",2013-08-05,"FBPC","urchin",1
"167",2013-08-21,"FBPC","urchin",1
"168",2013-09-04,"FBPC","urchin",1
"169",2013-09-18,"FBPC","urchin",3
"170",2013-09-18,"FBPC","urchin",1
"171",2013-09-18,"FBPC","urchin",1
"172",2013-10-05,"FBPC","urchin",1
"173",2013-10-05,"FBPC","urchin",1
"174",2013-10-05,"FBPC","urchin",1
"175",2013-10-05,"FBPC","urchin",2
"176",2013-10-05,"FBPC","urchin",2
"177",2013-10-05,"FBPC","urchin",5
"178",2013-10-18,"FBPC","urchin",3
"179",2013-10-18,"FBPC","urchin",1
"180",2013-10-18,"FBPC","urchin",1
"181",2013-10-18,"FBPC","urchin",1
"182",2013-11-01,"FBPC","urchin",1
"183",2013-11-17,"FBPC","urchin",1
"184",2014-02-24,"FBPC","urchin",1
"185",2014-02-24,"FBPC","urchin",1
"186",2014-02-24,"FBPC","urchin",1
"187",2014-05-02,"FBPC","urchin",2
"188",2014-05-15,"FBPC","urchin",3
"189",2014-06-19,"FBPC","urchin",7
"190",2014-06-19,"FBPC","urchin",7
"191",2014-06-19,"FBPC","urchin",3
"192",2014-06-19,"FBPC","urchin",1
"193",2014-07-05,"FBPC","urchin",1
"194",2014-07-05,"FBPC","urchin",1
"195",2014-07-18,"FBPC","urchin",18
"196",2014-07-18,"FBPC","urchin",9
"197",2014-07-18,"FBPC","urchin",16
"198",2014-07-18,"FBPC","urchin",18
"199",2014-08-12,"FBPC","urchin",1
"200",2015-01-31,"FBPC","urchin",1
"201",2015-01-31,"FBPC","urchin",2
"202",2015-01-31,"FBPC","urchin",1
"203",2015-01-31,"FBPC","urchin",1
"204",2015-02-16,"FBPC","urchin",5
"205",2015-02-16,"FBPC","urchin",5
"206",2015-02-16,"FBPC","urchin",3
"207",2015-02-16,"FBPC","urchin",3
"208",2015-02-16,"FBPC","urchin",4
"209",2015-02-16,"FBPC","urchin",5
"210",2015-03-04,"FBPC","urchin",5
"211",2015-03-04,"FBPC","urchin",4
"212",2015-03-04,"FBPC","urchin",5
"213",2015-03-04,"FBPC","urchin",7
"214",2015-03-04,"FBPC","urchin",7
"215",2015-03-04,"FBPC","urchin",7
"216",2015-03-04,"FBPC","urchin",6
"217",2015-03-04,"FBPC","urchin",4
"218",2015-04-09,"FBPC","urchin",5
"219",2015-04-09,"FBPC","urchin",5
"220",2015-04-09,"FBPC","urchin",5
"221",2015-04-09,"FBPC","urchin",8
"222",2015-04-09,"FBPC","urchin",4
"223",2015-04-09,"FBPC","urchin",1
"224",2015-05-09,"FBPC","urchin",1
"225",2015-05-09,"FBPC","urchin",1
"226",2015-05-22,"FBPC","urchin",1
"227",2015-05-22,"FBPC","urchin",1
"228",2015-05-22,"FBPC","urchin",1
"229",2015-06-21,"FBPC","urchin",1
"230",2015-06-21,"FBPC","urchin",1
"231",2015-06-21,"FBPC","urchin",1
"232",2015-06-21,"FBPC","urchin",2
"233",2015-06-21,"FBPC","urchin",1
"234",2007-02-13,"GAVIOTA","urchin",1
"235",2007-02-13,"GAVIOTA","urchin",1
"236",2007-05-08,"GAVIOTA","urchin",3
"237",2007-05-22,"GAVIOTA","urchin",1
"238",2007-05-22,"GAVIOTA","urchin",1
"239",2007-06-19,"GAVIOTA","urchin",7
"240",2007-06-19,"GAVIOTA","urchin",12
"241",2007-06-19,"GAVIOTA","urchin",5
"242",2007-06-19,"GAVIOTA","urchin",5
"243",2007-07-03,"GAVIOTA","urchin",3
"244",2007-07-03,"GAVIOTA","urchin",9
"245",2007-07-03,"GAVIOTA","urchin",2
"246",2007-07-03,"GAVIOTA","urchin",2
"247",2007-07-03,"GAVIOTA","urchin",1
"248",2007-07-17,"GAVIOTA","urchin",1
"249",2008-01-14,"GAVIOTA","urchin",3
"250",2008-01-14,"GAVIOTA","urchin",4
"251",2008-01-14,"GAVIOTA","urchin",2
"252",2008-01-14,"GAVIOTA","urchin",6
"253",2008-01-14,"GAVIOTA","urchin",1
"254",2008-01-14,"GAVIOTA","urchin",2
"255",2008-01-14,"GAVIOTA","urchin",2
"256",2008-01-29,"GAVIOTA","urchin",3
"257",2008-01-29,"GAVIOTA","urchin",3
"258",2008-01-29,"GAVIOTA","urchin",1
"259",2008-01-29,"GAVIOTA","urchin",3
"260",2008-02-12,"GAVIOTA","urchin",4
"261",2008-02-12,"GAVIOTA","urchin",4
"262",2008-02-12,"GAVIOTA","urchin",1
"263",2008-02-12,"GAVIOTA","urchin",6
"264",2008-02-12,"GAVIOTA","urchin",4
"265",2008-02-12,"GAVIOTA","urchin",18
"266",2008-02-26,"GAVIOTA","urchin",4
"267",2008-02-26,"GAVIOTA","urchin",4
"268",2008-02-26,"GAVIOTA","urchin",16
"269",2008-02-26,"GAVIOTA","urchin",16
"270",2008-02-26,"GAVIOTA","urchin",13
"271",2008-02-26,"GAVIOTA","urchin",15
"272",2008-02-26,"GAVIOTA","urchin",15
"273",2008-02-26,"GAVIOTA","urchin",25
"274",2008-03-11,"GAVIOTA","urchin",6
"275",2008-03-11,"GAVIOTA","urchin",9
"276",2008-03-11,"GAVIOTA","urchin",8
"277",2008-03-11,"GAVIOTA","urchin",11
"278",2008-03-11,"GAVIOTA","urchin",6
"279",2008-03-11,"GAVIOTA","urchin",9
"280",2008-03-11,"GAVIOTA","urchin",4
"281",2008-03-11,"GAVIOTA","urchin",5
"282",2008-03-26,"GAVIOTA","urchin",1
"283",2008-03-26,"GAVIOTA","urchin",2
"284",2008-03-26,"GAVIOTA","urchin",1
"285",2008-03-26,"GAVIOTA","urchin",2
"286",2008-03-26,"GAVIOTA","urchin",5
"287",2008-03-26,"GAVIOTA","urchin",6
"288",2008-03-26,"GAVIOTA","urchin",2
"289",2008-03-26,"GAVIOTA","urchin",3
"290",2008-04-08,"GAVIOTA","urchin",58
"291",2008-04-08,"GAVIOTA","urchin",69
"292",2008-04-08,"GAVIOTA","urchin",37
"293",2008-04-08,"GAVIOTA","urchin",38
"294",2008-04-08,"GAVIOTA","urchin",34
"295",2008-04-08,"GAVIOTA","urchin",42
"296",2008-04-08,"GAVIOTA","urchin",43
"297",2008-04-08,"GAVIOTA","urchin",59
"298",2008-05-06,"GAVIOTA","urchin",1
"299",2008-05-06,"GAVIOTA","urchin",4
"300",2008-05-06,"GAVIOTA","urchin",2
"301",2008-05-06,"GAVIOTA","urchin",6
"302",2008-05-20,"GAVIOTA","urchin",1
"303",2008-06-03,"GAVIOTA","urchin",1
"304",2008-06-17,"GAVIOTA","urchin",1
"305",2008-06-17,"GAVIOTA","urchin",1
"306",2008-06-17,"GAVIOTA","urchin",1
"307",2008-07-01,"GAVIOTA","urchin",1
"308",2008-07-01,"GAVIOTA","urchin",3
"309",2009-02-10,"GAVIOTA","urchin",1
"310",2009-02-10,"GAVIOTA","urchin",5
"311",2009-02-10,"GAVIOTA","urchin",1
"312",2009-02-10,"GAVIOTA","urchin",4
"313",2009-02-10,"GAVIOTA","urchin",1
"314",2009-02-10,"GAVIOTA","urchin",2
"315",2009-02-10,"GAVIOTA","urchin",2
"316",2009-02-10,"GAVIOTA","urchin",2
"317",2009-02-24,"GAVIOTA","urchin",1
"318",2009-02-24,"GAVIOTA","urchin",3
"319",2009-02-24,"GAVIOTA","urchin",4
"320",2009-03-10,"GAVIOTA","urchin",6
"321",2009-03-10,"GAVIOTA","urchin",10
"322",2009-03-10,"GAVIOTA","urchin",1
"323",2009-03-10,"GAVIOTA","urchin",3
"324",2009-03-10,"GAVIOTA","urchin",4
"325",2009-03-24,"GAVIOTA","urchin",10
"326",2009-03-24,"GAVIOTA","urchin",15
"327",2009-03-24,"GAVIOTA","urchin",19
"328",2009-03-24,"GAVIOTA","urchin",43
"329",2009-03-24,"GAVIOTA","urchin",32
"330",2009-03-24,"GAVIOTA","urchin",32
"331",2009-03-24,"GAVIOTA","urchin",27
"332",2009-03-24,"GAVIOTA","urchin",23
"333",2009-04-07,"GAVIOTA","urchin",1
"334",2009-04-07,"GAVIOTA","urchin",6
"335",2009-04-07,"GAVIOTA","urchin",6
"336",2009-04-07,"GAVIOTA","urchin",10
"337",2009-04-07,"GAVIOTA","urchin",8
"338",2009-04-07,"GAVIOTA","urchin",18
"339",2009-04-07,"GAVIOTA","urchin",4
"340",2009-04-07,"GAVIOTA","urchin",6
"341",2009-04-21,"GAVIOTA","urchin",7
"342",2009-04-21,"GAVIOTA","urchin",17
"343",2009-04-21,"GAVIOTA","urchin",5
"344",2009-04-21,"GAVIOTA","urchin",21
"345",2009-04-21,"GAVIOTA","urchin",7
"346",2009-04-21,"GAVIOTA","urchin",17
"347",2009-04-21,"GAVIOTA","urchin",1
"348",2009-04-21,"GAVIOTA","urchin",24
"349",2009-05-05,"GAVIOTA","urchin",12
"350",2009-05-05,"GAVIOTA","urchin",22
"351",2009-05-05,"GAVIOTA","urchin",28
"352",2009-05-05,"GAVIOTA","urchin",29
"353",2009-05-05,"GAVIOTA","urchin",23
"354",2009-05-05,"GAVIOTA","urchin",23
"355",2009-05-05,"GAVIOTA","urchin",12
"356",2009-05-05,"GAVIOTA","urchin",30
"357",2009-05-19,"GAVIOTA","urchin",36
"358",2009-05-19,"GAVIOTA","urchin",9
"359",2009-05-19,"GAVIOTA","urchin",10
"360",2009-05-19,"GAVIOTA","urchin",9
"361",2009-05-19,"GAVIOTA","urchin",36
"362",2009-06-02,"GAVIOTA","urchin",51
"363",2009-06-02,"GAVIOTA","urchin",100
"364",2009-06-02,"GAVIOTA","urchin",26
"365",2009-06-02,"GAVIOTA","urchin",30
"366",2009-06-02,"GAVIOTA","urchin",30
"367",2009-06-02,"GAVIOTA","urchin",30
"368",2009-06-02,"GAVIOTA","urchin",30
"369",2009-06-02,"GAVIOTA","urchin",30
"370",2009-06-16,"GAVIOTA","urchin",8
"371",2009-06-16,"GAVIOTA","urchin",13
"372",2009-06-16,"GAVIOTA","urchin",7
"373",2009-06-16,"GAVIOTA","urchin",7
"374",2009-06-16,"GAVIOTA","urchin",1
"375",2009-06-16,"GAVIOTA","urchin",2
"376",2009-06-16,"GAVIOTA","urchin",6
"377",2009-06-16,"GAVIOTA","urchin",10
"378",2009-06-30,"GAVIOTA","urchin",2
"379",2009-06-30,"GAVIOTA","urchin",8
"380",2009-06-30,"GAVIOTA","urchin",4
"381",2009-06-30,"GAVIOTA","urchin",7
"382",2009-07-14,"GAVIOTA","urchin",13
"383",2009-07-14,"GAVIOTA","urchin",18
"384",2009-07-14,"GAVIOTA","urchin",7
"385",2009-07-14,"GAVIOTA","urchin",10
"386",2009-07-14,"GAVIOTA","urchin",6
"387",2009-07-14,"GAVIOTA","urchin",9
"388",2009-07-14,"GAVIOTA","urchin",8
"389",2009-07-14,"GAVIOTA","urchin",9
"390",2009-09-22,"GAVIOTA","urchin",1
"391",2009-09-22,"GAVIOTA","urchin",2
"392",2009-09-22,"GAVIOTA","urchin",1
"393",2009-09-22,"GAVIOTA","urchin",1
"394",2009-09-22,"GAVIOTA","urchin",2
"395",2009-10-06,"GAVIOTA","urchin",1
"396",2009-10-06,"GAVIOTA","urchin",1
"397",2009-10-06,"GAVIOTA","urchin",1
"398",2009-11-17,"GAVIOTA","urchin",1
"399",2010-01-12,"GAVIOTA","urchin",1
"400",2010-02-09,"GAVIOTA","urchin",2
"401",2010-02-23,"GAVIOTA","urchin",1
"402",2010-02-23,"GAVIOTA","urchin",2
"403",2010-03-09,"GAVIOTA","urchin",2
"404",2010-03-09,"GAVIOTA","urchin",1
"405",2010-03-09,"GAVIOTA","urchin",3
"406",2010-03-09,"GAVIOTA","urchin",2
"407",2010-03-09,"GAVIOTA","urchin",3
"408",2010-03-09,"GAVIOTA","urchin",9
"409",2010-03-23,"GAVIOTA","urchin",1
"410",2010-03-23,"GAVIOTA","urchin",4
"411",2010-03-23,"GAVIOTA","urchin",3
"412",2010-03-23,"GAVIOTA","urchin",2
"413",2010-03-23,"GAVIOTA","urchin",8
"414",2010-03-23,"GAVIOTA","urchin",3
"415",2010-04-06,"GAVIOTA","urchin",9
"416",2010-04-06,"GAVIOTA","urchin",12
"417",2010-04-06,"GAVIOTA","urchin",21
"418",2010-04-06,"GAVIOTA","urchin",3
"419",2010-04-20,"GAVIOTA","urchin",1
"420",2010-04-20,"GAVIOTA","urchin",2
"421",2010-04-20,"GAVIOTA","urchin",3
"422",2010-05-04,"GAVIOTA","urchin",15
"423",2010-05-04,"GAVIOTA","urchin",18
"424",2010-05-04,"GAVIOTA","urchin",5
"425",2010-05-04,"GAVIOTA","urchin",7
"426",2010-05-04,"GAVIOTA","urchin",4
"427",2010-05-04,"GAVIOTA","urchin",12
"428",2010-05-04,"GAVIOTA","urchin",15
"429",2010-05-18,"GAVIOTA","urchin",1
"430",2010-06-01,"GAVIOTA","urchin",1
"431",2010-06-01,"GAVIOTA","urchin",3
"432",2010-06-01,"GAVIOTA","urchin",1
"433",2010-06-01,"GAVIOTA","urchin",4
"434",2010-06-15,"GAVIOTA","urchin",1
"435",2010-06-15,"GAVIOTA","urchin",1
"436",2010-06-29,"GAVIOTA","urchin",2
"437",2010-06-29,"GAVIOTA","urchin",1
"438",2010-08-10,"GAVIOTA","urchin",1
"439",2010-09-21,"GAVIOTA","urchin",1
"440",2010-10-05,"GAVIOTA","urchin",2
"441",2010-10-19,"GAVIOTA","urchin",1
"442",2010-11-16,"GAVIOTA","urchin",2
"443",2010-11-16,"GAVIOTA","urchin",1
"444",2010-11-30,"GAVIOTA","urchin",1
"445",2010-11-30,"GAVIOTA","urchin",1
"446",2010-11-30,"GAVIOTA","urchin",2
"447",2010-12-28,"GAVIOTA","urchin",4
"448",2011-01-11,"GAVIOTA","urchin",7
"449",2011-01-11,"GAVIOTA","urchin",14
"450",2011-01-11,"GAVIOTA","urchin",6
"451",2011-01-11,"GAVIOTA","urchin",8
"452",2011-01-11,"GAVIOTA","urchin",7
"453",2011-01-11,"GAVIOTA","urchin",14
"454",2011-01-25,"GAVIOTA","urchin",8
"455",2011-01-25,"GAVIOTA","urchin",6
"456",2011-01-25,"GAVIOTA","urchin",5
"457",2011-01-25,"GAVIOTA","urchin",7
"458",2011-01-25,"GAVIOTA","urchin",30
"459",2011-01-25,"GAVIOTA","urchin",30
"460",2011-01-25,"GAVIOTA","urchin",30
"461",2011-01-25,"GAVIOTA","urchin",30
"462",2011-02-08,"GAVIOTA","urchin",18
"463",2011-02-08,"GAVIOTA","urchin",32
"464",2011-02-08,"GAVIOTA","urchin",29
"465",2011-02-22,"GAVIOTA","urchin",30
"466",2011-02-22,"GAVIOTA","urchin",30
"467",2011-02-22,"GAVIOTA","urchin",30
"468",2011-02-22,"GAVIOTA","urchin",30
"469",2011-02-22,"GAVIOTA","urchin",30
"470",2011-03-08,"GAVIOTA","urchin",30
"471",2011-03-08,"GAVIOTA","urchin",30
"472",2011-03-08,"GAVIOTA","urchin",30
"473",2011-03-08,"GAVIOTA","urchin",30
"474",2011-03-08,"GAVIOTA","urchin",30
"475",2011-03-08,"GAVIOTA","urchin",30
"476",2011-03-08,"GAVIOTA","urchin",32
"477",2011-03-22,"GAVIOTA","urchin",37
"478",2011-03-22,"GAVIOTA","urchin",10
"479",2011-03-22,"GAVIOTA","urchin",28
"480",2011-03-22,"GAVIOTA","urchin",18
"481",2011-04-05,"GAVIOTA","urchin",30
"482",2011-04-05,"GAVIOTA","urchin",30
"483",2011-04-05,"GAVIOTA","urchin",30
"484",2011-04-05,"GAVIOTA","urchin",30
"485",2011-04-05,"GAVIOTA","urchin",30
"486",2011-04-05,"GAVIOTA","urchin",30
"487",2011-04-05,"GAVIOTA","urchin",30
"488",2011-04-05,"GAVIOTA","urchin",30
"489",2011-04-19,"GAVIOTA","urchin",4
"490",2011-04-19,"GAVIOTA","urchin",8
"491",2011-04-19,"GAVIOTA","urchin",1
"492",2011-04-19,"GAVIOTA","urchin",19
"493",2011-04-19,"GAVIOTA","urchin",2
"494",2011-04-19,"GAVIOTA","urchin",4
"495",2011-04-19,"GAVIOTA","urchin",1
"496",2011-04-19,"GAVIOTA","urchin",2
"497",2011-05-03,"GAVIOTA","urchin",12
"498",2011-05-03,"GAVIOTA","urchin",12
"499",2011-05-03,"GAVIOTA","urchin",17
"500",2011-05-03,"GAVIOTA","urchin",15
"501",2011-05-03,"GAVIOTA","urchin",23
"502",2011-05-03,"GAVIOTA","urchin",8
"503",2011-05-03,"GAVIOTA","urchin",9
"504",2011-05-03,"GAVIOTA","urchin",10
"505",2011-05-17,"GAVIOTA","urchin",2
"506",2011-05-17,"GAVIOTA","urchin",8
"507",2011-05-17,"GAVIOTA","urchin",6
"508",2011-05-17,"GAVIOTA","urchin",11
"509",2011-05-17,"GAVIOTA","urchin",6
"510",2011-05-17,"GAVIOTA","urchin",7
"511",2011-05-17,"GAVIOTA","urchin",4
"512",2011-05-17,"GAVIOTA","urchin",2
"513",2011-05-31,"GAVIOTA","urchin",17
"514",2011-05-31,"GAVIOTA","urchin",10
"515",2011-05-31,"GAVIOTA","urchin",9
"516",2011-05-31,"GAVIOTA","urchin",9
"517",2011-05-31,"GAVIOTA","urchin",7
"518",2011-05-31,"GAVIOTA","urchin",3
"519",2011-05-31,"GAVIOTA","urchin",10
"520",2011-05-31,"GAVIOTA","urchin",14
"521",2011-06-14,"GAVIOTA","urchin",1
"522",2011-06-14,"GAVIOTA","urchin",1
"523",2011-06-28,"GAVIOTA","urchin",1
"524",2011-06-28,"GAVIOTA","urchin",1
"525",2011-06-28,"GAVIOTA","urchin",2
"526",2011-07-12,"GAVIOTA","urchin",2
"527",2011-07-12,"GAVIOTA","urchin",1
"528",2011-07-26,"GAVIOTA","urchin",2
"529",2011-07-26,"GAVIOTA","urchin",1
"530",2011-07-26,"GAVIOTA","urchin",1
"531",2011-08-09,"GAVIOTA","urchin",2
"532",2011-08-09,"GAVIOTA","urchin",1
"533",2011-08-09,"GAVIOTA","urchin",1
"534",2011-08-24,"GAVIOTA","urchin",1
"535",2011-09-20,"GAVIOTA","urchin",1
"536",2011-09-20,"GAVIOTA","urchin",1
"537",2011-09-20,"GAVIOTA","urchin",3
"538",2011-10-04,"GAVIOTA","urchin",1
"539",2011-10-04,"GAVIOTA","urchin",1
"540",2011-10-04,"GAVIOTA","urchin",1
"541",2012-01-24,"GAVIOTA","urchin",1
"542",2012-01-24,"GAVIOTA","urchin",1
"543",2012-02-07,"GAVIOTA","urchin",1
"544",2012-02-07,"GAVIOTA","urchin",4
"545",2012-02-07,"GAVIOTA","urchin",4
"546",2012-02-07,"GAVIOTA","urchin",1
"547",2012-02-07,"GAVIOTA","urchin",2
"548",2012-02-07,"GAVIOTA","urchin",6
"549",2012-02-07,"GAVIOTA","urchin",4
"550",2012-02-21,"GAVIOTA","urchin",1
"551",2012-02-21,"GAVIOTA","urchin",10
"552",2012-02-21,"GAVIOTA","urchin",9
"553",2012-02-21,"GAVIOTA","urchin",7
"554",2012-02-21,"GAVIOTA","urchin",4
"555",2012-02-21,"GAVIOTA","urchin",1
"556",2012-02-21,"GAVIOTA","urchin",7
"557",2012-03-06,"GAVIOTA","urchin",22
"558",2012-03-06,"GAVIOTA","urchin",30
"559",2012-03-06,"GAVIOTA","urchin",21
"560",2012-03-06,"GAVIOTA","urchin",30
"561",2012-03-06,"GAVIOTA","urchin",23
"562",2012-03-06,"GAVIOTA","urchin",19
"563",2012-03-06,"GAVIOTA","urchin",30
"564",2012-03-06,"GAVIOTA","urchin",30
"565",2012-03-20,"GAVIOTA","urchin",2
"566",2012-03-20,"GAVIOTA","urchin",5
"567",2012-03-20,"GAVIOTA","urchin",3
"568",2012-03-20,"GAVIOTA","urchin",4
"569",2012-04-03,"GAVIOTA","urchin",6
"570",2012-04-03,"GAVIOTA","urchin",10
"571",2012-04-03,"GAVIOTA","urchin",10
"572",2012-04-03,"GAVIOTA","urchin",11
"573",2012-04-03,"GAVIOTA","urchin",3
"574",2012-04-03,"GAVIOTA","urchin",6
"575",2012-04-03,"GAVIOTA","urchin",12
"576",2012-04-03,"GAVIOTA","urchin",3
"577",2012-05-15,"GAVIOTA","urchin",18
"578",2012-05-15,"GAVIOTA","urchin",37
"579",2012-05-15,"GAVIOTA","urchin",24
"580",2012-05-15,"GAVIOTA","urchin",42
"581",2012-05-15,"GAVIOTA","urchin",34
"582",2012-05-15,"GAVIOTA","urchin",26
"583",2012-05-15,"GAVIOTA","urchin",27
"584",2012-05-15,"GAVIOTA","urchin",62
"585",2012-05-29,"GAVIOTA","urchin",4
"586",2012-05-29,"GAVIOTA","urchin",8
"587",2012-05-29,"GAVIOTA","urchin",18
"588",2012-05-29,"GAVIOTA","urchin",14
"589",2012-05-29,"GAVIOTA","urchin",16
"590",2012-05-29,"GAVIOTA","urchin",19
"591",2012-05-29,"GAVIOTA","urchin",20
"592",2012-05-29,"GAVIOTA","urchin",15
"593",2012-06-12,"GAVIOTA","urchin",2
"594",2012-06-12,"GAVIOTA","urchin",1
"595",2012-06-12,"GAVIOTA","urchin",2
"596",2012-06-12,"GAVIOTA","urchin",4
"597",2012-06-12,"GAVIOTA","urchin",3
"598",2012-06-12,"GAVIOTA","urchin",6
"599",2012-06-12,"GAVIOTA","urchin",5
"600",2012-06-12,"GAVIOTA","urchin",4
"601",2012-06-26,"GAVIOTA","urchin",1
"602",2012-06-26,"GAVIOTA","urchin",1
"603",2012-06-26,"GAVIOTA","urchin",2
"604",2012-06-26,"GAVIOTA","urchin",5
"605",2012-06-26,"GAVIOTA","urchin",3
"606",2012-06-26,"GAVIOTA","urchin",2
"607",2012-06-26,"GAVIOTA","urchin",2
"608",2012-07-24,"GAVIOTA","urchin",2
"609",2012-07-24,"GAVIOTA","urchin",2
"610",2012-07-24,"GAVIOTA","urchin",2
"611",2012-07-24,"GAVIOTA","urchin",4
"612",2012-08-07,"GAVIOTA","urchin",3
"613",2012-08-07,"GAVIOTA","urchin",3
"614",2012-08-07,"GAVIOTA","urchin",2
"615",2012-08-21,"GAVIOTA","urchin",1
"616",2012-08-21,"GAVIOTA","urchin",1
"617",2012-08-21,"GAVIOTA","urchin",3
"618",2012-09-04,"GAVIOTA","urchin",1
"619",2012-09-04,"GAVIOTA","urchin",1
"620",2012-10-02,"GAVIOTA","urchin",1
"621",2012-10-02,"GAVIOTA","urchin",1
"622",2012-12-11,"GAVIOTA","urchin",1
"623",2012-12-11,"GAVIOTA","urchin",1
"624",2012-12-11,"GAVIOTA","urchin",1
"625",2012-12-24,"GAVIOTA","urchin",1
"626",2013-02-05,"GAVIOTA","urchin",2
"627",2013-02-05,"GAVIOTA","urchin",1
"628",2013-02-05,"GAVIOTA","urchin",1
"629",2013-02-19,"GAVIOTA","urchin",4
"630",2013-02-19,"GAVIOTA","urchin",2
"631",2013-02-19,"GAVIOTA","urchin",1
"632",2013-02-19,"GAVIOTA","urchin",2
"633",2013-02-19,"GAVIOTA","urchin",3
"634",2013-03-05,"GAVIOTA","urchin",1
"635",2013-03-05,"GAVIOTA","urchin",1
"636",2013-03-05,"GAVIOTA","urchin",3
"637",2013-03-05,"GAVIOTA","urchin",3
"638",2013-03-05,"GAVIOTA","urchin",2
"639",2013-03-05,"GAVIOTA","urchin",1
"640",2013-03-19,"GAVIOTA","urchin",1
"641",2013-03-19,"GAVIOTA","urchin",1
"642",2013-03-19,"GAVIOTA","urchin",1
"643",2013-04-02,"GAVIOTA","urchin",3
"644",2013-04-02,"GAVIOTA","urchin",3
"645",2013-04-02,"GAVIOTA","urchin",4
"646",2013-04-02,"GAVIOTA","urchin",4
"647",2013-04-02,"GAVIOTA","urchin",2
"648",2013-04-16,"GAVIOTA","urchin",1
"649",2013-04-16,"GAVIOTA","urchin",2
"650",2013-04-16,"GAVIOTA","urchin",1
"651",2013-04-16,"GAVIOTA","urchin",4
"652",2013-04-16,"GAVIOTA","urchin",4
"653",2013-04-16,"GAVIOTA","urchin",3
"654",2013-04-30,"GAVIOTA","urchin",8
"655",2013-04-30,"GAVIOTA","urchin",10
"656",2013-04-30,"GAVIOTA","urchin",13
"657",2013-04-30,"GAVIOTA","urchin",13
"658",2013-04-30,"GAVIOTA","urchin",4
"659",2013-04-30,"GAVIOTA","urchin",3
"660",2013-05-13,"GAVIOTA","urchin",16
"661",2013-05-13,"GAVIOTA","urchin",1
"662",2013-05-13,"GAVIOTA","urchin",3
"663",2013-05-13,"GAVIOTA","urchin",15
"664",2013-05-13,"GAVIOTA","urchin",6
"665",2013-05-13,"GAVIOTA","urchin",2
"666",2013-05-13,"GAVIOTA","urchin",6
"667",2013-05-13,"GAVIOTA","urchin",8
"668",2013-05-30,"GAVIOTA","urchin",15
"669",2013-05-30,"GAVIOTA","urchin",15
"670",2013-05-30,"GAVIOTA","urchin",9
"671",2013-05-30,"GAVIOTA","urchin",5
"672",2013-06-11,"GAVIOTA","urchin",4
"673",2013-06-11,"GAVIOTA","urchin",4
"674",2013-06-11,"GAVIOTA","urchin",1
"675",2013-06-25,"GAVIOTA","urchin",1
"676",2013-06-25,"GAVIOTA","urchin",3
"677",2013-06-25,"GAVIOTA","urchin",4
"678",2013-06-25,"GAVIOTA","urchin",6
"679",2013-06-25,"GAVIOTA","urchin",5
"680",2013-06-25,"GAVIOTA","urchin",4
"681",2013-06-25,"GAVIOTA","urchin",3
"682",2013-06-25,"GAVIOTA","urchin",4
"683",2013-07-23,"GAVIOTA","urchin",1
"684",2013-07-23,"GAVIOTA","urchin",1
"685",2013-08-20,"GAVIOTA","urchin",1
"686",2013-09-03,"GAVIOTA","urchin",1
"687",2013-09-03,"GAVIOTA","urchin",2
"688",2013-09-03,"GAVIOTA","urchin",1
"689",2013-09-03,"GAVIOTA","urchin",1
"690",2013-09-17,"GAVIOTA","urchin",1
"691",2013-09-17,"GAVIOTA","urchin",1
"692",2013-10-01,"GAVIOTA","urchin",1
"693",2013-10-01,"GAVIOTA","urchin",1
"694",2013-10-01,"GAVIOTA","urchin",3
"695",2013-10-01,"GAVIOTA","urchin",3
"696",2013-10-01,"GAVIOTA","urchin",1
"697",2013-10-15,"GAVIOTA","urchin",1
"698",2013-10-15,"GAVIOTA","urchin",2
"699",2013-10-15,"GAVIOTA","urchin",1
"700",2013-10-15,"GAVIOTA","urchin",2
"701",2013-10-29,"GAVIOTA","urchin",1
"702",2013-12-22,"GAVIOTA","urchin",1
"703",2014-01-07,"GAVIOTA","urchin",1
"704",2014-01-07,"GAVIOTA","urchin",2
"705",2014-01-07,"GAVIOTA","urchin",2
"706",2014-01-21,"GAVIOTA","urchin",3
"707",2014-01-21,"GAVIOTA","urchin",1
"708",2014-01-21,"GAVIOTA","urchin",2
"709",2014-01-21,"GAVIOTA","urchin",1
"710",2014-01-21,"GAVIOTA","urchin",2
"711",2014-02-04,"GAVIOTA","urchin",1
"712",2014-02-04,"GAVIOTA","urchin",2
"713",2014-02-04,"GAVIOTA","urchin",1
"714",2014-02-04,"GAVIOTA","urchin",1
"715",2014-02-04,"GAVIOTA","urchin",1
"716",2014-02-04,"GAVIOTA","urchin",2
"717",2014-02-04,"GAVIOTA","urchin",1
"718",2014-05-29,"GAVIOTA","urchin",1
"719",2014-05-29,"GAVIOTA","urchin",1
"720",2014-05-29,"GAVIOTA","urchin",3
"721",2014-05-29,"GAVIOTA","urchin",2
"722",2014-05-29,"GAVIOTA","urchin",1
"723",2014-05-29,"GAVIOTA","urchin",1
"724",2014-05-29,"GAVIOTA","urchin",2
"725",2014-06-12,"GAVIOTA","urchin",2
"726",2014-06-12,"GAVIOTA","urchin",1
"727",2014-06-12,"GAVIOTA","urchin",3
"728",2014-06-12,"GAVIOTA","urchin",3
"729",2014-06-24,"GAVIOTA","urchin",1
"730",2014-06-24,"GAVIOTA","urchin",2
"731",2014-07-08,"GAVIOTA","urchin",1
"732",2014-07-22,"GAVIOTA","urchin",1
"733",2015-01-21,"GAVIOTA","urchin",1
"734",2015-01-21,"GAVIOTA","urchin",1
"735",2015-01-21,"GAVIOTA","urchin",3
"736",2015-01-21,"GAVIOTA","urchin",1
"737",2015-05-18,"GAVIOTA","urchin",2
"738",2015-06-03,"GAVIOTA","urchin",1
"739",2015-06-03,"GAVIOTA","urchin",1
"740",2015-06-18,"GAVIOTA","urchin",1
"741",2015-06-18,"GAVIOTA","urchin",1
"742",2015-07-06,"GAVIOTA","urchin",1
"743",2015-07-06,"GAVIOTA","urchin",1
"744",2007-05-23,"OCNBCH","urchin",1
"745",2007-05-23,"OCNBCH","urchin",1
"746",2007-05-23,"OCNBCH","urchin",1
"747",2007-05-23,"OCNBCH","urchin",2
"748",2007-06-06,"OCNBCH","urchin",1
"749",2007-07-12,"OCNBCH","urchin",1
"750",2008-04-02,"OCNBCH","urchin",1
"751",2008-04-02,"OCNBCH","urchin",3
"752",2008-04-16,"OCNBCH","urchin",1
"753",2008-04-16,"OCNBCH","urchin",1
"754",2008-04-16,"OCNBCH","urchin",2
"755",2008-04-16,"OCNBCH","urchin",1
"756",2008-04-30,"OCNBCH","urchin",1
"757",2008-04-30,"OCNBCH","urchin",1
"758",2008-04-30,"OCNBCH","urchin",2
"759",2008-04-30,"OCNBCH","urchin",2
"760",2008-04-30,"OCNBCH","urchin",1
"761",2008-04-30,"OCNBCH","urchin",1
"762",2009-03-25,"OCNBCH","urchin",1
"763",2011-04-01,"OCNBCH","urchin",1
"764",2011-04-01,"OCNBCH","urchin",1
"765",2011-05-27,"OCNBCH","urchin",1
"766",2012-02-24,"OCNBCH","urchin",1
"767",2012-03-23,"OCNBCH","urchin",2
"768",2012-04-06,"OCNBCH","urchin",4
"769",2012-04-20,"OCNBCH","urchin",1
"770",2012-06-02,"OCNBCH","urchin",1
"771",2012-06-02,"OCNBCH","urchin",1
"772",2012-07-13,"OCNBCH","urchin",1
"773",2013-05-03,"OCNBCH","urchin",1
"774",2013-05-03,"OCNBCH","urchin",1
"775",2014-04-26,"OCNBCH","urchin",8
"776",2014-04-26,"OCNBCH","urchin",5
"777",2014-04-26,"OCNBCH","urchin",21
"778",2014-04-26,"OCNBCH","urchin",23
"779",2014-05-09,"OCNBCH","urchin",2
"780",2014-05-09,"OCNBCH","urchin",2
"781",2014-05-09,"OCNBCH","urchin",8
"782",2014-05-09,"OCNBCH","urchin",1
"783",2007-04-24,"SBELL","urchin",1
"784",2007-05-22,"SBELL","urchin",1
"785",2007-05-22,"SBELL","urchin",1
"786",2007-06-05,"SBELL","urchin",1
"787",2007-06-05,"SBELL","urchin",3
"788",2007-06-05,"SBELL","urchin",4
"789",2007-06-05,"SBELL","urchin",4
"790",2007-06-19,"SBELL","urchin",5
"791",2007-06-19,"SBELL","urchin",14
"792",2007-06-19,"SBELL","urchin",6
"793",2007-06-19,"SBELL","urchin",9
"794",2007-06-19,"SBELL","urchin",1
"795",2007-06-19,"SBELL","urchin",7
"796",2007-06-19,"SBELL","urchin",2
"797",2007-06-19,"SBELL","urchin",7
"798",2007-07-03,"SBELL","urchin",8
"799",2007-07-03,"SBELL","urchin",8
"800",2007-07-03,"SBELL","urchin",5
"801",2007-07-03,"SBELL","urchin",9
"802",2007-07-03,"SBELL","urchin",3
"803",2007-07-03,"SBELL","urchin",4
"804",2007-07-03,"SBELL","urchin",4
"805",2007-07-03,"SBELL","urchin",5
"806",2007-07-17,"SBELL","urchin",2
"807",2007-07-17,"SBELL","urchin",1
"808",2007-07-17,"SBELL","urchin",1
"809",2008-01-29,"SBELL","urchin",1
"810",2008-01-29,"SBELL","urchin",2
"811",2008-01-29,"SBELL","urchin",2
"812",2008-02-12,"SBELL","urchin",10
"813",2008-02-12,"SBELL","urchin",1
"814",2008-03-11,"SBELL","urchin",2
"815",2008-04-08,"SBELL","urchin",2
"816",2008-04-08,"SBELL","urchin",3
"817",2008-04-08,"SBELL","urchin",4
"818",2008-04-08,"SBELL","urchin",5
"819",2008-04-08,"SBELL","urchin",1
"820",2008-04-08,"SBELL","urchin",3
"821",2008-04-08,"SBELL","urchin",1
"822",2008-04-08,"SBELL","urchin",1
"823",2008-05-06,"SBELL","urchin",1
"824",2008-05-06,"SBELL","urchin",2
"825",2008-05-20,"SBELL","urchin",1
"826",2008-06-17,"SBELL","urchin",1
"827",2008-06-17,"SBELL","urchin",1
"828",2008-08-12,"SBELL","urchin",1
"829",2009-02-10,"SBELL","urchin",1
"830",2009-03-10,"SBELL","urchin",5
"831",2009-03-24,"SBELL","urchin",1
"832",2009-03-24,"SBELL","urchin",1
"833",2009-03-24,"SBELL","urchin",1
"834",2009-03-24,"SBELL","urchin",1
"835",2009-03-24,"SBELL","urchin",3
"836",2009-03-24,"SBELL","urchin",1
"837",2009-04-07,"SBELL","urchin",3
"838",2009-04-07,"SBELL","urchin",5
"839",2009-04-07,"SBELL","urchin",1
"840",2009-04-07,"SBELL","urchin",1
"841",2009-04-07,"SBELL","urchin",2
"842",2009-04-07,"SBELL","urchin",2
"843",2009-04-07,"SBELL","urchin",1
"844",2009-04-07,"SBELL","urchin",2
"845",2009-04-21,"SBELL","urchin",1
"846",2009-04-21,"SBELL","urchin",2
"847",2009-04-21,"SBELL","urchin",1
"848",2009-04-21,"SBELL","urchin",4
"849",2009-04-21,"SBELL","urchin",1
"850",2009-04-21,"SBELL","urchin",1
"851",2009-05-05,"SBELL","urchin",28
"852",2009-05-05,"SBELL","urchin",13
"853",2009-05-05,"SBELL","urchin",10
"854",2009-05-05,"SBELL","urchin",15
"855",2009-05-05,"SBELL","urchin",19
"856",2009-05-05,"SBELL","urchin",8
"857",2009-05-05,"SBELL","urchin",8
"858",2009-05-05,"SBELL","urchin",10
"859",2009-05-19,"SBELL","urchin",10
"860",2009-05-19,"SBELL","urchin",15
"861",2009-05-19,"SBELL","urchin",5
"862",2009-05-19,"SBELL","urchin",6
"863",2009-05-19,"SBELL","urchin",7
"864",2009-05-19,"SBELL","urchin",11
"865",2009-05-19,"SBELL","urchin",6
"866",2009-05-19,"SBELL","urchin",7
"867",2009-05-19,"SBELL","urchin",7
"868",2009-05-19,"SBELL","urchin",10
"869",2009-06-02,"SBELL","urchin",23
"870",2009-06-02,"SBELL","urchin",28
"871",2009-06-02,"SBELL","urchin",31
"872",2009-06-02,"SBELL","urchin",30
"873",2009-06-02,"SBELL","urchin",35
"874",2009-06-02,"SBELL","urchin",17
"875",2009-06-02,"SBELL","urchin",19
"876",2009-06-02,"SBELL","urchin",30
"877",2009-06-16,"SBELL","urchin",1
"878",2009-06-16,"SBELL","urchin",3
"879",2009-06-16,"SBELL","urchin",1
"880",2009-06-16,"SBELL","urchin",1
"881",2009-06-16,"SBELL","urchin",2
"882",2009-06-16,"SBELL","urchin",2
"883",2009-06-16,"SBELL","urchin",2
"884",2009-06-16,"SBELL","urchin",3
"885",2009-06-30,"SBELL","urchin",11
"886",2009-06-30,"SBELL","urchin",12
"887",2009-06-30,"SBELL","urchin",5
"888",2009-06-30,"SBELL","urchin",1
"889",2009-06-30,"SBELL","urchin",1
"890",2009-07-14,"SBELL","urchin",1
"891",2009-07-14,"SBELL","urchin",1
"892",2009-07-14,"SBELL","urchin",1
"893",2009-10-06,"SBELL","urchin",1
"894",2010-02-23,"SBELL","urchin",1
"895",2010-04-06,"SBELL","urchin",1
"896",2010-04-20,"SBELL","urchin",1
"897",2010-04-20,"SBELL","urchin",1
"898",2010-04-20,"SBELL","urchin",1
"899",2010-04-20,"SBELL","urchin",2
"900",2010-04-20,"SBELL","urchin",1
"901",2010-05-04,"SBELL","urchin",1
"902",2010-05-04,"SBELL","urchin",1
"903",2010-05-04,"SBELL","urchin",1
"904",2010-05-18,"SBELL","urchin",1
"905",2010-06-15,"SBELL","urchin",1
"906",2010-06-15,"SBELL","urchin",1
"907",2010-06-15,"SBELL","urchin",2
"908",2010-06-15,"SBELL","urchin",2
"909",2010-06-15,"SBELL","urchin",1
"910",2010-06-29,"SBELL","urchin",1
"911",2010-08-24,"SBELL","urchin",1
"912",2010-09-21,"SBELL","urchin",1
"913",2010-09-21,"SBELL","urchin",1
"914",2010-09-21,"SBELL","urchin",1
"915",2011-01-11,"SBELL","urchin",1
"916",2011-01-11,"SBELL","urchin",1
"917",2011-01-11,"SBELL","urchin",1
"918",2011-01-25,"SBELL","urchin",2
"919",2011-01-25,"SBELL","urchin",4
"920",2011-01-25,"SBELL","urchin",2
"921",2011-01-25,"SBELL","urchin",4
"922",2011-01-25,"SBELL","urchin",2
"923",2011-01-25,"SBELL","urchin",1
"924",2011-01-25,"SBELL","urchin",4
"925",2011-02-08,"SBELL","urchin",4
"926",2011-02-08,"SBELL","urchin",12
"927",2011-02-08,"SBELL","urchin",6
"928",2011-02-08,"SBELL","urchin",13
"929",2011-02-08,"SBELL","urchin",1
"930",2011-02-08,"SBELL","urchin",2
"931",2011-02-08,"SBELL","urchin",4
"932",2011-02-08,"SBELL","urchin",4
"933",2011-02-22,"SBELL","urchin",30
"934",2011-02-22,"SBELL","urchin",78
"935",2011-02-22,"SBELL","urchin",30
"936",2011-02-22,"SBELL","urchin",30
"937",2011-02-22,"SBELL","urchin",30
"938",2011-02-22,"SBELL","urchin",30
"939",2011-02-22,"SBELL","urchin",30
"940",2011-02-22,"SBELL","urchin",30
"941",2011-03-08,"SBELL","urchin",10
"942",2011-03-08,"SBELL","urchin",18
"943",2011-03-08,"SBELL","urchin",20
"944",2011-03-08,"SBELL","urchin",21
"945",2011-03-08,"SBELL","urchin",4
"946",2011-03-08,"SBELL","urchin",8
"947",2011-03-08,"SBELL","urchin",30
"948",2011-03-08,"SBELL","urchin",25
"949",2011-03-22,"SBELL","urchin",1
"950",2011-03-22,"SBELL","urchin",4
"951",2011-03-22,"SBELL","urchin",1
"952",2011-03-22,"SBELL","urchin",7
"953",2011-04-05,"SBELL","urchin",1
"954",2011-04-05,"SBELL","urchin",1
"955",2011-04-05,"SBELL","urchin",1
"956",2011-04-05,"SBELL","urchin",1
"957",2011-04-05,"SBELL","urchin",2
"958",2011-04-05,"SBELL","urchin",1
"959",2011-04-19,"SBELL","urchin",4
"960",2011-04-19,"SBELL","urchin",1
"961",2011-05-02,"SBELL","urchin",3
"962",2011-05-02,"SBELL","urchin",2
"963",2011-05-02,"SBELL","urchin",4
"964",2011-05-02,"SBELL","urchin",6
"965",2011-05-02,"SBELL","urchin",3
"966",2011-05-02,"SBELL","urchin",3
"967",2011-05-02,"SBELL","urchin",3
"968",2011-05-17,"SBELL","urchin",5
"969",2011-05-17,"SBELL","urchin",9
"970",2011-05-17,"SBELL","urchin",2
"971",2011-05-17,"SBELL","urchin",9
"972",2011-05-17,"SBELL","urchin",2
"973",2011-05-17,"SBELL","urchin",1
"974",2011-05-17,"SBELL","urchin",4
"975",2011-05-17,"SBELL","urchin",3
"976",2011-05-31,"SBELL","urchin",4
"977",2011-05-31,"SBELL","urchin",1
"978",2011-05-31,"SBELL","urchin",1
"979",2011-05-31,"SBELL","urchin",1
"980",2011-06-28,"SBELL","urchin",1
"981",2011-06-28,"SBELL","urchin",1
"982",2011-06-28,"SBELL","urchin",2
"983",2011-06-28,"SBELL","urchin",1
"984",2011-07-12,"SBELL","urchin",1
"985",2011-07-12,"SBELL","urchin",2
"986",2011-07-12,"SBELL","urchin",2
"987",2011-07-12,"SBELL","urchin",3
"988",2011-07-12,"SBELL","urchin",1
"989",2011-07-26,"SBELL","urchin",1
"990",2011-07-26,"SBELL","urchin",1
"991",2011-07-26,"SBELL","urchin",1
"992",2011-07-26,"SBELL","urchin",1
"993",2011-08-09,"SBELL","urchin",1
"994",2011-08-24,"SBELL","urchin",1
"995",2011-10-04,"SBELL","urchin",1
"996",2011-10-04,"SBELL","urchin",1
"997",2012-02-07,"SBELL","urchin",1
"998",2012-02-21,"SBELL","urchin",1
"999",2012-02-21,"SBELL","urchin",1
"1000",2012-02-21,"SBELL","urchin",3
"1001",2012-02-21,"SBELL","urchin",3
"1002",2012-02-21,"SBELL","urchin",8
"1003",2012-02-21,"SBELL","urchin",3
"1004",2012-03-06,"SBELL","urchin",8
"1005",2012-03-06,"SBELL","urchin",7
"1006",2012-03-06,"SBELL","urchin",12
"1007",2012-03-06,"SBELL","urchin",8
"1008",2012-03-06,"SBELL","urchin",7
"1009",2012-03-06,"SBELL","urchin",13
"1010",2012-03-06,"SBELL","urchin",6
"1011",2012-03-06,"SBELL","urchin",4
"1012",2012-03-20,"SBELL","urchin",2
"1013",2012-03-20,"SBELL","urchin",1
"1014",2012-03-20,"SBELL","urchin",2
"1015",2012-03-20,"SBELL","urchin",2
"1016",2012-03-20,"SBELL","urchin",1
"1017",2012-03-20,"SBELL","urchin",1
"1018",2012-03-20,"SBELL","urchin",1
"1019",2012-03-20,"SBELL","urchin",1
"1020",2012-04-03,"SBELL","urchin",2
"1021",2012-04-03,"SBELL","urchin",1
"1022",2012-04-03,"SBELL","urchin",1
"1023",2012-04-17,"SBELL","urchin",1
"1024",2012-04-17,"SBELL","urchin",1
"1025",2012-04-17,"SBELL","urchin",1
"1026",2012-04-17,"SBELL","urchin",4
"1027",2012-04-17,"SBELL","urchin",1
"1028",2012-05-01,"SBELL","urchin",1
"1029",2012-05-01,"SBELL","urchin",1
"1030",2012-05-01,"SBELL","urchin",2
"1031",2012-05-01,"SBELL","urchin",4
"1032",2012-05-01,"SBELL","urchin",9
"1033",2012-05-01,"SBELL","urchin",5
"1034",2012-05-01,"SBELL","urchin",15
"1035",2012-05-01,"SBELL","urchin",6
"1036",2012-05-15,"SBELL","urchin",9
"1037",2012-05-15,"SBELL","urchin",12
"1038",2012-05-15,"SBELL","urchin",20
"1039",2012-05-15,"SBELL","urchin",3
"1040",2012-05-15,"SBELL","urchin",30
"1041",2012-05-15,"SBELL","urchin",17
"1042",2012-05-15,"SBELL","urchin",16
"1043",2012-05-15,"SBELL","urchin",26
"1044",2012-05-29,"SBELL","urchin",11
"1045",2012-05-29,"SBELL","urchin",17
"1046",2012-05-29,"SBELL","urchin",15
"1047",2012-05-29,"SBELL","urchin",18
"1048",2012-05-29,"SBELL","urchin",42
"1049",2012-05-29,"SBELL","urchin",29
"1050",2012-05-29,"SBELL","urchin",29
"1051",2012-05-29,"SBELL","urchin",21
"1052",2012-06-12,"SBELL","urchin",7
"1053",2012-06-12,"SBELL","urchin",17
"1054",2012-06-12,"SBELL","urchin",11
"1055",2012-06-12,"SBELL","urchin",17
"1056",2012-06-12,"SBELL","urchin",33
"1057",2012-06-12,"SBELL","urchin",36
"1058",2012-06-12,"SBELL","urchin",37
"1059",2012-06-12,"SBELL","urchin",39
"1060",2012-06-26,"SBELL","urchin",1
"1061",2012-06-26,"SBELL","urchin",1
"1062",2012-06-26,"SBELL","urchin",1
"1063",2012-06-26,"SBELL","urchin",1
"1064",2012-06-26,"SBELL","urchin",4
"1065",2012-06-26,"SBELL","urchin",2
"1066",2012-07-10,"SBELL","urchin",1
"1067",2012-07-10,"SBELL","urchin",1
"1068",2012-07-24,"SBELL","urchin",1
"1069",2012-07-24,"SBELL","urchin",2
"1070",2012-07-24,"SBELL","urchin",1
"1071",2012-08-07,"SBELL","urchin",2
"1072",2012-08-07,"SBELL","urchin",1
"1073",2012-08-07,"SBELL","urchin",1
"1074",2012-08-07,"SBELL","urchin",1
"1075",2012-08-07,"SBELL","urchin",1
"1076",2012-08-21,"SBELL","urchin",1
"1077",2012-08-21,"SBELL","urchin",3
"1078",2012-09-18,"SBELL","urchin",1
"1079",2012-10-02,"SBELL","urchin",1
"1080",2012-10-16,"SBELL","urchin",1
"1081",2012-11-13,"SBELL","urchin",1
"1082",2013-02-19,"SBELL","urchin",1
"1083",2013-03-05,"SBELL","urchin",1
"1084",2013-03-05,"SBELL","urchin",1
"1085",2013-03-05,"SBELL","urchin",1
"1086",2013-03-19,"SBELL","urchin",1
"1087",2013-04-02,"SBELL","urchin",1
"1088",2013-04-02,"SBELL","urchin",2
"1089",2013-04-02,"SBELL","urchin",3
"1090",2013-04-02,"SBELL","urchin",1
"1091",2013-04-16,"SBELL","urchin",3
"1092",2013-04-30,"SBELL","urchin",2
"1093",2013-04-30,"SBELL","urchin",3
"1094",2013-04-30,"SBELL","urchin",3
"1095",2013-04-30,"SBELL","urchin",1
"1096",2013-04-30,"SBELL","urchin",7
"1097",2013-04-30,"SBELL","urchin",2
"1098",2013-05-13,"SBELL","urchin",1
"1099",2013-05-13,"SBELL","urchin",3
"1100",2013-05-13,"SBELL","urchin",1
"1101",2013-05-13,"SBELL","urchin",1
"1102",2013-05-13,"SBELL","urchin",3
"1103",2013-05-13,"SBELL","urchin",3
"1104",2013-05-13,"SBELL","urchin",6
"1105",2013-05-13,"SBELL","urchin",1
"1106",2013-05-30,"SBELL","urchin",19
"1107",2013-05-30,"SBELL","urchin",11
"1108",2013-05-30,"SBELL","urchin",13
"1109",2013-05-30,"SBELL","urchin",18
"1110",2013-05-30,"SBELL","urchin",5
"1111",2013-05-30,"SBELL","urchin",38
"1112",2013-05-30,"SBELL","urchin",12
"1113",2013-05-30,"SBELL","urchin",16
"1114",2013-06-11,"SBELL","urchin",14
"1115",2013-06-11,"SBELL","urchin",5
"1116",2013-06-11,"SBELL","urchin",16
"1117",2013-06-11,"SBELL","urchin",19
"1118",2013-06-11,"SBELL","urchin",19
"1119",2013-06-11,"SBELL","urchin",4
"1120",2013-06-25,"SBELL","urchin",6
"1121",2013-06-25,"SBELL","urchin",4
"1122",2013-06-25,"SBELL","urchin",7
"1123",2013-06-25,"SBELL","urchin",7
"1124",2013-06-25,"SBELL","urchin",5
"1125",2013-06-25,"SBELL","urchin",9
"1126",2013-06-25,"SBELL","urchin",4
"1127",2013-06-25,"SBELL","urchin",6
"1128",2013-07-09,"SBELL","urchin",1
"1129",2013-07-09,"SBELL","urchin",2
"1130",2013-07-09,"SBELL","urchin",1
"1131",2013-07-23,"SBELL","urchin",1
"1132",2013-07-23,"SBELL","urchin",3
"1133",2013-07-23,"SBELL","urchin",1
"1134",2013-08-06,"SBELL","urchin",1
"1135",2013-08-06,"SBELL","urchin",1
"1136",2013-09-17,"SBELL","urchin",2
"1137",2013-10-01,"SBELL","urchin",1
"1138",2013-10-15,"SBELL","urchin",1
"1139",2013-10-15,"SBELL","urchin",1
"1140",2013-11-12,"SBELL","urchin",1
"1141",2014-01-21,"SBELL","urchin",1
"1142",2014-01-21,"SBELL","urchin",1
"1143",2014-02-18,"SBELL","urchin",1
"1144",2014-03-18,"SBELL","urchin",3
"1145",2014-03-18,"SBELL","urchin",1
"1146",2014-03-18,"SBELL","urchin",7
"1147",2014-03-18,"SBELL","urchin",2
"1148",2014-03-18,"SBELL","urchin",1
"1149",2014-04-01,"SBELL","urchin",1
"1150",2014-04-01,"SBELL","urchin",2
"1151",2014-04-01,"SBELL","urchin",1
"1152",2014-04-01,"SBELL","urchin",1
"1153",2014-04-15,"SBELL","urchin",1
"1154",2014-04-15,"SBELL","urchin",1
"1155",2014-04-15,"SBELL","urchin",5
"1156",2014-04-29,"SBELL","urchin",1
"1157",2014-04-29,"SBELL","urchin",1
"1158",2014-04-29,"SBELL","urchin",7
"1159",2014-04-29,"SBELL","urchin",9
"1160",2014-04-29,"SBELL","urchin",4
"1161",2014-04-29,"SBELL","urchin",7
"1162",2014-05-13,"SBELL","urchin",1
"1163",2014-05-13,"SBELL","urchin",3
"1164",2014-05-13,"SBELL","urchin",1
"1165",2014-05-13,"SBELL","urchin",1
"1166",2014-05-13,"SBELL","urchin",1
"1167",2014-05-27,"SBELL","urchin",10
"1168",2014-05-27,"SBELL","urchin",25
"1169",2014-05-27,"SBELL","urchin",5
"1170",2014-05-27,"SBELL","urchin",11
"1171",2014-05-27,"SBELL","urchin",12
"1172",2014-05-27,"SBELL","urchin",6
"1173",2014-05-27,"SBELL","urchin",34
"1174",2014-05-27,"SBELL","urchin",19
"1175",2014-06-24,"SBELL","urchin",1
"1176",2014-06-24,"SBELL","urchin",3
"1177",2014-06-24,"SBELL","urchin",4
"1178",2014-06-24,"SBELL","urchin",2
"1179",2014-06-24,"SBELL","urchin",2
"1180",2014-06-24,"SBELL","urchin",4
"1181",2014-06-24,"SBELL","urchin",7
"1182",2014-06-24,"SBELL","urchin",2
"1183",2014-07-08,"SBELL","urchin",3
"1184",2014-07-08,"SBELL","urchin",2
"1185",2014-07-08,"SBELL","urchin",1
"1186",2014-07-08,"SBELL","urchin",1
"1187",2014-07-22,"SBELL","urchin",1
"1188",2015-03-20,"SBELL","urchin",1
"1189",2015-04-03,"SBELL","urchin",1
"1190",2015-04-03,"SBELL","urchin",1
"1191",2015-04-03,"SBELL","urchin",2
"1192",2015-04-03,"SBELL","urchin",2
"1193",2015-04-17,"SBELL","urchin",1
"1194",2015-04-29,"SBELL","urchin",1
"1195",2015-04-29,"SBELL","urchin",1
"1196",2015-04-29,"SBELL","urchin",1
"1197",2015-04-29,"SBELL","urchin",1
"1198",2015-05-15,"SBELL","urchin",1
"1199",2015-05-15,"SBELL","urchin",1
"1200",2015-05-29,"SBELL","urchin",3
"1201",2015-05-29,"SBELL","urchin",2
"1202",2015-06-15,"SBELL","urchin",1
"1203",2015-07-09,"SBELL","urchin",1
"1204",2007-04-24,"SBSTWRF","urchin",1
"1205",2007-04-24,"SBSTWRF","urchin",4
"1206",2007-04-24,"SBSTWRF","urchin",3
"1207",2007-05-22,"SBSTWRF","urchin",1
"1208",2007-05-22,"SBSTWRF","urchin",1
"1209",2007-06-19,"SBSTWRF","urchin",1
"1210",2007-06-19,"SBSTWRF","urchin",1
"1211",2007-06-19,"SBSTWRF","urchin",3
"1212",2007-06-19,"SBSTWRF","urchin",1
"1213",2007-07-03,"SBSTWRF","urchin",1
"1214",2007-07-03,"SBSTWRF","urchin",2
"1215",2007-07-03,"SBSTWRF","urchin",1
"1216",2007-07-03,"SBSTWRF","urchin",2
"1217",2007-07-03,"SBSTWRF","urchin",1
"1218",2008-01-15,"SBSTWRF","urchin",1
"1219",2008-01-15,"SBSTWRF","urchin",2
"1220",2008-01-15,"SBSTWRF","urchin",1
"1221",2008-01-15,"SBSTWRF","urchin",2
"1222",2008-01-29,"SBSTWRF","urchin",11
"1223",2008-01-29,"SBSTWRF","urchin",13
"1224",2008-01-29,"SBSTWRF","urchin",15
"1225",2008-01-29,"SBSTWRF","urchin",17
"1226",2008-01-29,"SBSTWRF","urchin",14
"1227",2008-01-29,"SBSTWRF","urchin",16
"1228",2008-01-29,"SBSTWRF","urchin",15
"1229",2008-01-29,"SBSTWRF","urchin",23
"1230",2008-02-12,"SBSTWRF","urchin",8
"1231",2008-02-12,"SBSTWRF","urchin",9
"1232",2008-02-12,"SBSTWRF","urchin",3
"1233",2008-02-12,"SBSTWRF","urchin",6
"1234",2008-02-12,"SBSTWRF","urchin",2
"1235",2008-02-12,"SBSTWRF","urchin",7
"1236",2008-02-12,"SBSTWRF","urchin",1
"1237",2008-02-26,"SBSTWRF","urchin",2
"1238",2008-02-26,"SBSTWRF","urchin",5
"1239",2008-02-26,"SBSTWRF","urchin",1
"1240",2008-02-26,"SBSTWRF","urchin",3
"1241",2008-02-26,"SBSTWRF","urchin",1
"1242",2008-02-26,"SBSTWRF","urchin",1
"1243",2008-02-26,"SBSTWRF","urchin",2
"1244",2008-03-11,"SBSTWRF","urchin",1
"1245",2008-03-11,"SBSTWRF","urchin",1
"1246",2008-03-26,"SBSTWRF","urchin",1
"1247",2008-03-26,"SBSTWRF","urchin",2
"1248",2008-03-26,"SBSTWRF","urchin",1
"1249",2008-03-26,"SBSTWRF","urchin",2
"1250",2008-04-08,"SBSTWRF","urchin",1
"1251",2008-04-08,"SBSTWRF","urchin",1
"1252",2008-04-08,"SBSTWRF","urchin",1
"1253",2008-05-06,"SBSTWRF","urchin",1
"1254",2008-05-06,"SBSTWRF","urchin",1
"1255",2009-02-10,"SBSTWRF","urchin",1
"1256",2009-02-24,"SBSTWRF","urchin",1
"1257",2009-03-24,"SBSTWRF","urchin",1
"1258",2009-03-24,"SBSTWRF","urchin",4
"1259",2009-03-24,"SBSTWRF","urchin",1
"1260",2009-04-07,"SBSTWRF","urchin",3
"1261",2009-04-07,"SBSTWRF","urchin",3
"1262",2009-04-07,"SBSTWRF","urchin",1
"1263",2009-04-21,"SBSTWRF","urchin",1
"1264",2009-04-21,"SBSTWRF","urchin",2
"1265",2009-04-21,"SBSTWRF","urchin",1
"1266",2009-04-21,"SBSTWRF","urchin",2
"1267",2009-04-21,"SBSTWRF","urchin",2
"1268",2009-04-21,"SBSTWRF","urchin",3
"1269",2009-04-21,"SBSTWRF","urchin",1
"1270",2009-04-21,"SBSTWRF","urchin",3
"1271",2009-05-05,"SBSTWRF","urchin",3
"1272",2009-05-05,"SBSTWRF","urchin",1
"1273",2009-05-05,"SBSTWRF","urchin",3
"1274",2009-05-05,"SBSTWRF","urchin",1
"1275",2009-05-05,"SBSTWRF","urchin",1
"1276",2009-05-19,"SBSTWRF","urchin",2
"1277",2009-05-19,"SBSTWRF","urchin",2
"1278",2009-05-19,"SBSTWRF","urchin",2
"1279",2009-05-19,"SBSTWRF","urchin",1
"1280",2009-05-19,"SBSTWRF","urchin",2
"1281",2009-05-19,"SBSTWRF","urchin",1
"1282",2009-05-19,"SBSTWRF","urchin",1
"1283",2009-06-02,"SBSTWRF","urchin",6
"1284",2009-06-02,"SBSTWRF","urchin",3
"1285",2009-06-02,"SBSTWRF","urchin",10
"1286",2009-06-02,"SBSTWRF","urchin",2
"1287",2009-06-16,"SBSTWRF","urchin",1
"1288",2009-06-16,"SBSTWRF","urchin",4
"1289",2009-06-16,"SBSTWRF","urchin",3
"1290",2009-06-16,"SBSTWRF","urchin",4
"1291",2009-06-16,"SBSTWRF","urchin",3
"1292",2009-06-16,"SBSTWRF","urchin",3
"1293",2009-06-16,"SBSTWRF","urchin",3
"1294",2009-06-16,"SBSTWRF","urchin",2
"1295",2009-06-16,"SBSTWRF","urchin",3
"1296",2009-06-30,"SBSTWRF","urchin",1
"1297",2009-06-30,"SBSTWRF","urchin",3
"1298",2009-06-30,"SBSTWRF","urchin",4
"1299",2009-06-30,"SBSTWRF","urchin",2
"1300",2009-06-30,"SBSTWRF","urchin",1
"1301",2009-06-30,"SBSTWRF","urchin",1
"1302",2009-07-14,"SBSTWRF","urchin",1
"1303",2010-01-26,"SBSTWRF","urchin",1
"1304",2010-01-26,"SBSTWRF","urchin",2
"1305",2010-01-26,"SBSTWRF","urchin",1
"1306",2010-01-26,"SBSTWRF","urchin",3
"1307",2010-01-26,"SBSTWRF","urchin",2
"1308",2010-01-26,"SBSTWRF","urchin",2
"1309",2010-02-09,"SBSTWRF","urchin",1
"1310",2010-04-06,"SBSTWRF","urchin",2
"1311",2010-05-04,"SBSTWRF","urchin",1
"1312",2010-05-04,"SBSTWRF","urchin",1
"1313",2010-05-04,"SBSTWRF","urchin",2
"1314",2010-06-29,"SBSTWRF","urchin",1
"1315",2010-06-29,"SBSTWRF","urchin",1
"1316",2010-07-13,"SBSTWRF","urchin",1
"1317",2010-07-13,"SBSTWRF","urchin",1
"1318",2010-08-10,"SBSTWRF","urchin",2
"1319",2010-08-10,"SBSTWRF","urchin",1
"1320",2010-08-10,"SBSTWRF","urchin",1
"1321",2010-08-24,"SBSTWRF","urchin",1
"1322",2010-08-24,"SBSTWRF","urchin",1
"1323",2010-08-24,"SBSTWRF","urchin",1
"1324",2010-09-21,"SBSTWRF","urchin",1
"1325",2010-10-05,"SBSTWRF","urchin",1
"1326",2010-12-28,"SBSTWRF","urchin",1
"1327",2010-12-28,"SBSTWRF","urchin",1
"1328",2010-12-28,"SBSTWRF","urchin",3
"1329",2010-12-28,"SBSTWRF","urchin",1
"1330",2010-12-28,"SBSTWRF","urchin",2
"1331",2011-01-11,"SBSTWRF","urchin",1
"1332",2011-01-11,"SBSTWRF","urchin",1
"1333",2011-01-11,"SBSTWRF","urchin",1
"1334",2011-01-25,"SBSTWRF","urchin",1
"1335",2011-01-25,"SBSTWRF","urchin",5
"1336",2011-01-25,"SBSTWRF","urchin",4
"1337",2011-01-25,"SBSTWRF","urchin",5
"1338",2011-01-25,"SBSTWRF","urchin",2
"1339",2011-01-25,"SBSTWRF","urchin",2
"1340",2011-01-25,"SBSTWRF","urchin",7
"1341",2011-02-08,"SBSTWRF","urchin",2
"1342",2011-02-08,"SBSTWRF","urchin",5
"1343",2011-02-08,"SBSTWRF","urchin",3
"1344",2011-02-08,"SBSTWRF","urchin",4
"1345",2011-02-08,"SBSTWRF","urchin",2
"1346",2011-02-08,"SBSTWRF","urchin",5
"1347",2011-02-08,"SBSTWRF","urchin",6
"1348",2011-02-08,"SBSTWRF","urchin",3
"1349",2011-02-22,"SBSTWRF","urchin",5
"1350",2011-02-22,"SBSTWRF","urchin",2
"1351",2011-02-22,"SBSTWRF","urchin",4
"1352",2011-02-22,"SBSTWRF","urchin",3
"1353",2011-02-22,"SBSTWRF","urchin",2
"1354",2011-02-22,"SBSTWRF","urchin",4
"1355",2011-02-22,"SBSTWRF","urchin",9
"1356",2011-02-22,"SBSTWRF","urchin",6
"1357",2011-03-08,"SBSTWRF","urchin",15
"1358",2011-03-08,"SBSTWRF","urchin",5
"1359",2011-03-08,"SBSTWRF","urchin",3
"1360",2011-03-08,"SBSTWRF","urchin",9
"1361",2011-03-08,"SBSTWRF","urchin",23
"1362",2011-03-08,"SBSTWRF","urchin",22
"1363",2011-03-08,"SBSTWRF","urchin",9
"1364",2011-03-08,"SBSTWRF","urchin",15
"1365",2011-03-22,"SBSTWRF","urchin",1
"1366",2011-03-22,"SBSTWRF","urchin",1
"1367",2011-03-22,"SBSTWRF","urchin",5
"1368",2011-03-22,"SBSTWRF","urchin",4
"1369",2011-03-22,"SBSTWRF","urchin",5
"1370",2011-03-22,"SBSTWRF","urchin",3
"1371",2011-04-05,"SBSTWRF","urchin",1
"1372",2011-05-02,"SBSTWRF","urchin",1
"1373",2011-05-02,"SBSTWRF","urchin",1
"1374",2011-05-02,"SBSTWRF","urchin",2
"1375",2011-05-02,"SBSTWRF","urchin",2
"1376",2011-05-02,"SBSTWRF","urchin",1
"1377",2011-05-17,"SBSTWRF","urchin",1
"1378",2011-05-31,"SBSTWRF","urchin",1
"1379",2011-05-31,"SBSTWRF","urchin",1
"1380",2011-05-31,"SBSTWRF","urchin",2
"1381",2011-06-14,"SBSTWRF","urchin",1
"1382",2011-08-09,"SBSTWRF","urchin",1
"1383",2011-08-24,"SBSTWRF","urchin",1
"1384",2011-09-06,"SBSTWRF","urchin",1
"1385",2012-01-24,"SBSTWRF","urchin",1
"1386",2012-02-21,"SBSTWRF","urchin",2
"1387",2012-02-21,"SBSTWRF","urchin",5
"1388",2012-02-21,"SBSTWRF","urchin",3
"1389",2012-02-21,"SBSTWRF","urchin",3
"1390",2012-02-21,"SBSTWRF","urchin",2
"1391",2012-02-21,"SBSTWRF","urchin",1
"1392",2012-02-21,"SBSTWRF","urchin",4
"1393",2012-03-06,"SBSTWRF","urchin",1
"1394",2012-03-06,"SBSTWRF","urchin",2
"1395",2012-03-06,"SBSTWRF","urchin",2
"1396",2012-03-06,"SBSTWRF","urchin",2
"1397",2012-03-06,"SBSTWRF","urchin",2
"1398",2012-03-06,"SBSTWRF","urchin",2
"1399",2012-03-06,"SBSTWRF","urchin",2
"1400",2012-03-06,"SBSTWRF","urchin",3
"1401",2012-03-20,"SBSTWRF","urchin",4
"1402",2012-03-20,"SBSTWRF","urchin",2
"1403",2012-03-20,"SBSTWRF","urchin",2
"1404",2012-03-20,"SBSTWRF","urchin",1
"1405",2012-03-20,"SBSTWRF","urchin",4
"1406",2012-03-20,"SBSTWRF","urchin",3
"1407",2012-04-17,"SBSTWRF","urchin",2
"1408",2012-04-17,"SBSTWRF","urchin",1
"1409",2012-04-17,"SBSTWRF","urchin",1
"1410",2012-04-17,"SBSTWRF","urchin",1
"1411",2012-04-17,"SBSTWRF","urchin",1
"1412",2012-04-17,"SBSTWRF","urchin",1
"1413",2012-05-01,"SBSTWRF","urchin",3
"1414",2012-05-01,"SBSTWRF","urchin",2
"1415",2012-05-01,"SBSTWRF","urchin",3
"1416",2012-05-01,"SBSTWRF","urchin",1
"1417",2012-05-01,"SBSTWRF","urchin",3
"1418",2012-05-15,"SBSTWRF","urchin",24
"1419",2012-05-15,"SBSTWRF","urchin",5
"1420",2012-05-15,"SBSTWRF","urchin",7
"1421",2012-05-15,"SBSTWRF","urchin",6
"1422",2012-05-15,"SBSTWRF","urchin",22
"1423",2012-05-15,"SBSTWRF","urchin",15
"1424",2012-05-15,"SBSTWRF","urchin",34
"1425",2012-05-29,"SBSTWRF","urchin",15
"1426",2012-05-29,"SBSTWRF","urchin",13
"1427",2012-05-29,"SBSTWRF","urchin",15
"1428",2012-05-29,"SBSTWRF","urchin",9
"1429",2012-05-29,"SBSTWRF","urchin",10
"1430",2012-05-29,"SBSTWRF","urchin",8
"1431",2012-05-29,"SBSTWRF","urchin",14
"1432",2012-05-29,"SBSTWRF","urchin",17
"1433",2012-06-12,"SBSTWRF","urchin",8
"1434",2012-06-12,"SBSTWRF","urchin",7
"1435",2012-06-12,"SBSTWRF","urchin",6
"1436",2012-06-12,"SBSTWRF","urchin",10
"1437",2012-06-12,"SBSTWRF","urchin",4
"1438",2012-06-12,"SBSTWRF","urchin",2
"1439",2012-06-12,"SBSTWRF","urchin",8
"1440",2012-06-12,"SBSTWRF","urchin",15
"1441",2012-06-26,"SBSTWRF","urchin",1
"1442",2012-07-24,"SBSTWRF","urchin",1
"1443",2012-07-24,"SBSTWRF","urchin",1
"1444",2012-07-24,"SBSTWRF","urchin",1
"1445",2012-08-07,"SBSTWRF","urchin",1
"1446",2012-08-07,"SBSTWRF","urchin",1
"1447",2012-08-07,"SBSTWRF","urchin",1
"1448",2012-08-07,"SBSTWRF","urchin",1
"1449",2012-08-21,"SBSTWRF","urchin",1
"1450",2013-02-19,"SBSTWRF","urchin",3
"1451",2013-02-19,"SBSTWRF","urchin",2
"1452",2013-02-19,"SBSTWRF","urchin",3
"1453",2013-02-19,"SBSTWRF","urchin",1
"1454",2013-04-16,"SBSTWRF","urchin",1
"1455",2013-04-16,"SBSTWRF","urchin",1
"1456",2013-04-16,"SBSTWRF","urchin",3
"1457",2013-04-16,"SBSTWRF","urchin",2
"1458",2013-04-30,"SBSTWRF","urchin",1
"1459",2013-05-13,"SBSTWRF","urchin",1
"1460",2013-05-13,"SBSTWRF","urchin",4
"1461",2013-05-30,"SBSTWRF","urchin",9
"1462",2013-05-30,"SBSTWRF","urchin",8
"1463",2013-05-30,"SBSTWRF","urchin",4
"1464",2013-05-30,"SBSTWRF","urchin",2
"1465",2013-05-30,"SBSTWRF","urchin",5
"1466",2013-05-30,"SBSTWRF","urchin",3
"1467",2013-05-30,"SBSTWRF","urchin",4
"1468",2013-06-11,"SBSTWRF","urchin",3
"1469",2013-06-11,"SBSTWRF","urchin",2
"1470",2013-06-11,"SBSTWRF","urchin",3
"1471",2013-06-11,"SBSTWRF","urchin",2
"1472",2013-06-25,"SBSTWRF","urchin",3
"1473",2013-06-25,"SBSTWRF","urchin",2
"1474",2013-06-25,"SBSTWRF","urchin",5
"1475",2013-06-25,"SBSTWRF","urchin",1
"1476",2013-07-09,"SBSTWRF","urchin",1
"1477",2013-07-09,"SBSTWRF","urchin",1
"1478",2013-07-09,"SBSTWRF","urchin",1
"1479",2013-07-23,"SBSTWRF","urchin",2
"1480",2013-07-23,"SBSTWRF","urchin",1
"1481",2013-09-03,"SBSTWRF","urchin",1
"1482",2013-09-03,"SBSTWRF","urchin",1
"1483",2013-09-17,"SBSTWRF","urchin",1
"1484",2013-09-17,"SBSTWRF","urchin",1
"1485",2013-10-01,"SBSTWRF","urchin",1
"1486",2013-10-15,"SBSTWRF","urchin",1
"1487",2014-01-21,"SBSTWRF","urchin",1
"1488",2014-03-04,"SBSTWRF","urchin",1
"1489",2014-03-04,"SBSTWRF","urchin",2
"1490",2014-03-04,"SBSTWRF","urchin",3
"1491",2014-03-04,"SBSTWRF","urchin",2
"1492",2014-03-18,"SBSTWRF","urchin",2
"1493",2014-03-18,"SBSTWRF","urchin",3
"1494",2014-03-18,"SBSTWRF","urchin",2
"1495",2014-03-18,"SBSTWRF","urchin",2
"1496",2014-03-18,"SBSTWRF","urchin",4
"1497",2014-03-18,"SBSTWRF","urchin",1
"1498",2014-03-18,"SBSTWRF","urchin",1
"1499",2014-04-15,"SBSTWRF","urchin",1
"1500",2014-04-15,"SBSTWRF","urchin",1
"1501",2014-04-29,"SBSTWRF","urchin",5
"1502",2014-04-29,"SBSTWRF","urchin",1
"1503",2014-04-29,"SBSTWRF","urchin",4
"1504",2014-04-29,"SBSTWRF","urchin",5
"1505",2014-04-29,"SBSTWRF","urchin",2
"1506",2014-04-29,"SBSTWRF","urchin",3
"1507",2014-05-13,"SBSTWRF","urchin",1
"1508",2014-05-13,"SBSTWRF","urchin",1
"1509",2014-05-13,"SBSTWRF","urchin",4
"1510",2014-05-13,"SBSTWRF","urchin",1
"1511",2014-05-13,"SBSTWRF","urchin",3
"1512",2014-05-13,"SBSTWRF","urchin",2
"1513",2014-05-13,"SBSTWRF","urchin",2
"1514",2014-05-27,"SBSTWRF","urchin",7
"1515",2014-05-27,"SBSTWRF","urchin",5
"1516",2014-05-27,"SBSTWRF","urchin",11
"1517",2014-05-27,"SBSTWRF","urchin",6
"1518",2014-05-27,"SBSTWRF","urchin",10
"1519",2014-05-27,"SBSTWRF","urchin",11
"1520",2014-05-27,"SBSTWRF","urchin",9
"1521",2014-05-27,"SBSTWRF","urchin",11
"1522",2014-06-10,"SBSTWRF","urchin",1
"1523",2014-06-10,"SBSTWRF","urchin",1
"1524",2014-06-10,"SBSTWRF","urchin",1
"1525",2014-06-10,"SBSTWRF","urchin",7
"1526",2014-06-10,"SBSTWRF","urchin",1
"1527",2014-06-10,"SBSTWRF","urchin",3
"1528",2014-06-10,"SBSTWRF","urchin",5
"1529",2014-07-08,"SBSTWRF","urchin",1
"1530",2014-08-05,"SBSTWRF","urchin",1
"1531",2015-04-17,"SBSTWRF","urchin",6
"1532",2015-04-17,"SBSTWRF","urchin",4
"1533",2015-04-17,"SBSTWRF","urchin",1
"1534",2015-04-17,"SBSTWRF","urchin",6
"1535",2015-04-17,"SBSTWRF","urchin",4
"1536",2015-04-17,"SBSTWRF","urchin",1
"1537",2015-04-17,"SBSTWRF","urchin",4
"1538",2015-04-17,"SBSTWRF","urchin",3
"1539",2015-04-29,"SBSTWRF","urchin",1
"1540",2015-04-29,"SBSTWRF","urchin",1
"1541",2015-05-15,"SBSTWRF","urchin",2
"1542",2015-05-15,"SBSTWRF","urchin",2
"1543",2015-05-15,"SBSTWRF","urchin",2
"1544",2015-05-15,"SBSTWRF","urchin",4
"1545",2015-05-15,"SBSTWRF","urchin",3
"1546",2015-05-15,"SBSTWRF","urchin",2
"1547",2015-05-29,"SBSTWRF","urchin",2
"1548",2015-05-29,"SBSTWRF","urchin",1
"1549",2015-05-29,"SBSTWRF","urchin",1
"1550",2015-05-29,"SBSTWRF","urchin",1
"1551",2015-05-29,"SBSTWRF","urchin",1
"1552",2007-01-23,"SIO","urchin",1
"1553",2007-04-10,"SIO","urchin",1
"1554",2007-04-10,"SIO","urchin",1
"1555",2007-04-10,"SIO","urchin",1
"1556",2007-04-10,"SIO","urchin",1
"1557",2007-04-24,"SIO","urchin",2
"1558",2007-04-24,"SIO","urchin",1
"1559",2007-04-24,"SIO","urchin",1
"1560",2007-05-08,"SIO","urchin",1
"1561",2007-05-08,"SIO","urchin",2
"1562",2007-05-08,"SIO","urchin",4
"1563",2007-05-08,"SIO","urchin",3
"1564",2007-05-08,"SIO","urchin",4
"1565",2007-05-08,"SIO","urchin",1
"1566",2007-05-08,"SIO","urchin",4
"1567",2007-05-08,"SIO","urchin",3
"1568",2007-05-08,"SIO","urchin",4
"1569",2007-05-08,"SIO","urchin",1
"1570",2007-05-08,"SIO","urchin",3
"1571",2007-05-08,"SIO","urchin",1
"1572",2007-05-08,"SIO","urchin",5
"1573",2007-05-08,"SIO","urchin",1
"1574",2007-05-08,"SIO","urchin",2
"1575",2007-05-22,"SIO","urchin",1
"1576",2007-05-22,"SIO","urchin",1
"1577",2007-05-22,"SIO","urchin",1
"1578",2007-05-22,"SIO","urchin",1
"1579",2007-05-22,"SIO","urchin",2
"1580",2007-05-22,"SIO","urchin",2
"1581",2007-05-22,"SIO","urchin",2
"1582",2007-05-22,"SIO","urchin",2
"1583",2007-05-22,"SIO","urchin",3
"1584",2007-05-22,"SIO","urchin",1
"1585",2007-05-22,"SIO","urchin",2
"1586",2007-05-22,"SIO","urchin",3
"1587",2007-05-22,"SIO","urchin",1
"1588",2007-05-22,"SIO","urchin",2
"1589",2007-06-05,"SIO","urchin",1
"1590",2007-06-05,"SIO","urchin",2
"1591",2007-06-05,"SIO","urchin",1
"1592",2007-06-05,"SIO","urchin",1
"1593",2007-06-05,"SIO","urchin",1
"1594",2007-06-05,"SIO","urchin",1
"1595",2007-07-11,"SIO","urchin",1
"1596",2007-07-11,"SIO","urchin",1
"1597",2007-07-24,"SIO","urchin",1
"1598",2007-07-24,"SIO","urchin",1
"1599",2007-08-07,"SIO","urchin",1
"1600",2007-08-07,"SIO","urchin",1
"1601",2007-08-07,"SIO","urchin",1
"1602",2008-01-22,"SIO","urchin",2
"1603",2008-01-22,"SIO","urchin",1
"1604",2008-01-22,"SIO","urchin",1
"1605",2008-01-22,"SIO","urchin",2
"1606",2008-02-04,"SIO","urchin",1
"1607",2008-02-04,"SIO","urchin",1
"1608",2008-02-19,"SIO","urchin",2
"1609",2008-02-19,"SIO","urchin",1
"1610",2008-02-19,"SIO","urchin",1
"1611",2008-02-19,"SIO","urchin",1
"1612",2008-03-04,"SIO","urchin",1
"1613",2008-03-18,"SIO","urchin",1
"1614",2008-03-18,"SIO","urchin",1
"1615",2008-03-18,"SIO","urchin",1
"1616",2008-04-01,"SIO","urchin",1
"1617",2008-04-01,"SIO","urchin",2
"1618",2008-04-01,"SIO","urchin",3
"1619",2008-04-01,"SIO","urchin",5
"1620",2008-04-01,"SIO","urchin",3
"1621",2008-04-01,"SIO","urchin",3
"1622",2008-04-01,"SIO","urchin",1
"1623",2008-04-01,"SIO","urchin",1
"1624",2008-04-01,"SIO","urchin",1
"1625",2008-04-01,"SIO","urchin",2
"1626",2008-04-01,"SIO","urchin",2
"1627",2008-04-01,"SIO","urchin",4
"1628",2008-04-01,"SIO","urchin",4
"1629",2008-04-01,"SIO","urchin",3
"1630",2008-04-01,"SIO","urchin",4
"1631",2008-04-01,"SIO","urchin",1
"1632",2008-04-01,"SIO","urchin",1
"1633",2008-04-01,"SIO","urchin",1
"1634",2008-04-01,"SIO","urchin",1
"1635",2008-04-15,"SIO","urchin",1
"1636",2008-04-15,"SIO","urchin",2
"1637",2008-04-15,"SIO","urchin",2
"1638",2008-04-15,"SIO","urchin",2
"1639",2008-04-15,"SIO","urchin",2
"1640",2008-04-15,"SIO","urchin",3
"1641",2008-04-15,"SIO","urchin",3
"1642",2008-04-15,"SIO","urchin",5
"1643",2008-04-15,"SIO","urchin",3
"1644",2008-04-15,"SIO","urchin",2
"1645",2008-04-15,"SIO","urchin",6
"1646",2008-04-15,"SIO","urchin",2
"1647",2008-04-15,"SIO","urchin",2
"1648",2008-04-15,"SIO","urchin",1
"1649",2008-04-15,"SIO","urchin",2
"1650",2008-04-29,"SIO","urchin",1
"1651",2008-04-29,"SIO","urchin",3
"1652",2008-04-29,"SIO","urchin",2
"1653",2008-04-29,"SIO","urchin",6
"1654",2008-04-29,"SIO","urchin",4
"1655",2008-04-29,"SIO","urchin",6
"1656",2008-04-29,"SIO","urchin",1
"1657",2008-04-29,"SIO","urchin",3
"1658",2008-04-29,"SIO","urchin",5
"1659",2008-04-29,"SIO","urchin",6
"1660",2008-04-29,"SIO","urchin",4
"1661",2008-04-29,"SIO","urchin",10
"1662",2008-04-29,"SIO","urchin",2
"1663",2008-04-29,"SIO","urchin",2
"1664",2008-04-29,"SIO","urchin",2
"1665",2008-04-29,"SIO","urchin",4
"1666",2008-04-29,"SIO","urchin",3
"1667",2008-04-29,"SIO","urchin",4
"1668",2008-04-29,"SIO","urchin",4
"1669",2008-04-29,"SIO","urchin",4
"1670",2008-05-13,"SIO","urchin",1
"1671",2008-05-13,"SIO","urchin",1
"1672",2008-05-13,"SIO","urchin",1
"1673",2008-06-10,"SIO","urchin",1
"1674",2008-06-24,"SIO","urchin",1
"1675",2009-02-24,"SIO","urchin",1
"1676",2009-02-24,"SIO","urchin",2
"1677",2009-02-24,"SIO","urchin",1
"1678",2009-02-24,"SIO","urchin",1
"1679",2009-02-24,"SIO","urchin",4
"1680",2009-03-10,"SIO","urchin",1
"1681",2009-03-24,"SIO","urchin",1
"1682",2009-03-24,"SIO","urchin",5
"1683",2009-03-24,"SIO","urchin",3
"1684",2009-03-24,"SIO","urchin",1
"1685",2009-03-24,"SIO","urchin",1
"1686",2009-03-24,"SIO","urchin",1
"1687",2009-04-08,"SIO","urchin",2
"1688",2009-04-08,"SIO","urchin",7
"1689",2009-04-08,"SIO","urchin",3
"1690",2009-04-08,"SIO","urchin",3
"1691",2009-04-08,"SIO","urchin",3
"1692",2009-04-08,"SIO","urchin",3
"1693",2009-04-08,"SIO","urchin",4
"1694",2009-04-08,"SIO","urchin",4
"1695",2009-04-08,"SIO","urchin",9
"1696",2009-04-08,"SIO","urchin",9
"1697",2009-04-08,"SIO","urchin",1
"1698",2009-04-08,"SIO","urchin",2
"1699",2009-04-08,"SIO","urchin",2
"1700",2009-04-08,"SIO","urchin",2
"1701",2009-04-08,"SIO","urchin",2
"1702",2009-04-08,"SIO","urchin",2
"1703",2009-04-08,"SIO","urchin",2
"1704",2009-04-08,"SIO","urchin",3
"1705",2009-04-08,"SIO","urchin",3
"1706",2009-04-08,"SIO","urchin",2
"1707",2009-04-21,"SIO","urchin",1
"1708",2009-04-21,"SIO","urchin",1
"1709",2009-04-21,"SIO","urchin",1
"1710",2009-05-05,"SIO","urchin",1
"1711",2009-05-05,"SIO","urchin",2
"1712",2009-05-05,"SIO","urchin",1
"1713",2009-05-05,"SIO","urchin",1
"1714",2009-05-05,"SIO","urchin",2
"1715",2009-05-05,"SIO","urchin",2
"1716",2009-05-05,"SIO","urchin",2
"1717",2009-05-05,"SIO","urchin",1
"1718",2009-05-05,"SIO","urchin",2
"1719",2009-05-05,"SIO","urchin",1
"1720",2009-05-05,"SIO","urchin",1
"1721",2009-05-26,"SIO","urchin",1
"1722",2009-05-26,"SIO","urchin",1
"1723",2009-05-26,"SIO","urchin",1
"1724",2009-05-26,"SIO","urchin",1
"1725",2009-05-26,"SIO","urchin",3
"1726",2009-06-09,"SIO","urchin",1
"1727",2009-06-09,"SIO","urchin",1
"1728",2009-06-09,"SIO","urchin",2
"1729",2009-06-09,"SIO","urchin",1
"1730",2009-06-09,"SIO","urchin",1
"1731",2009-06-09,"SIO","urchin",1
"1732",2009-06-09,"SIO","urchin",3
"1733",2009-06-09,"SIO","urchin",1
"1734",2009-06-09,"SIO","urchin",1
"1735",2010-03-11,"SIO","urchin",1
"1736",2010-03-24,"SIO","urchin",3
"1737",2010-03-24,"SIO","urchin",5
"1738",2010-03-24,"SIO","urchin",5
"1739",2010-03-24,"SIO","urchin",7
"1740",2010-03-24,"SIO","urchin",4
"1741",2010-03-24,"SIO","urchin",8
"1742",2010-03-24,"SIO","urchin",4
"1743",2010-03-24,"SIO","urchin",8
"1744",2010-04-08,"SIO","urchin",1
"1745",2010-04-08,"SIO","urchin",3
"1746",2010-04-08,"SIO","urchin",6
"1747",2010-04-08,"SIO","urchin",1
"1748",2010-04-08,"SIO","urchin",3
"1749",2010-04-08,"SIO","urchin",1
"1750",2010-04-08,"SIO","urchin",4
"1751",2010-04-26,"SIO","urchin",2
"1752",2010-04-26,"SIO","urchin",2
"1753",2010-04-26,"SIO","urchin",1
"1754",2011-02-09,"SIO","urchin",1
"1755",2011-03-04,"SIO","urchin",1
"1756",2011-04-28,"SIO","urchin",1
"1757",2011-04-28,"SIO","urchin",1
"1758",2011-04-28,"SIO","urchin",1
"1759",2011-04-28,"SIO","urchin",1
"1760",2011-04-28,"SIO","urchin",2
"1761",2011-06-17,"SIO","urchin",1
"1762",2011-06-17,"SIO","urchin",3
"1763",2011-06-17,"SIO","urchin",1
"1764",2011-06-17,"SIO","urchin",1
"1765",2011-06-17,"SIO","urchin",2
"1766",2012-01-06,"SIO","urchin",1
"1767",2012-02-09,"SIO","urchin",1
"1768",2012-02-24,"SIO","urchin",1
"1769",2012-03-23,"SIO","urchin",12
"1770",2012-03-23,"SIO","urchin",28
"1771",2012-03-23,"SIO","urchin",30
"1772",2012-03-23,"SIO","urchin",30
"1773",2012-04-06,"SIO","urchin",7
"1774",2012-04-06,"SIO","urchin",6
"1775",2012-04-06,"SIO","urchin",11
"1776",2012-04-06,"SIO","urchin",2
"1777",2012-04-06,"SIO","urchin",2
"1778",2012-04-06,"SIO","urchin",2
"1779",2012-04-06,"SIO","urchin",7
"1780",2012-04-06,"SIO","urchin",10
"1781",2012-04-20,"SIO","urchin",1
"1782",2012-04-20,"SIO","urchin",1
"1783",2012-04-20,"SIO","urchin",6
"1784",2012-05-04,"SIO","urchin",1
"1785",2012-05-04,"SIO","urchin",6
"1786",2012-05-04,"SIO","urchin",5
"1787",2012-06-02,"SIO","urchin",1
"1788",2012-07-13,"SIO","urchin",1
"1789",2012-07-13,"SIO","urchin",1
"1790",2013-04-05,"SIO","urchin",1
"1791",2013-04-05,"SIO","urchin",1
"1792",2013-04-05,"SIO","urchin",2
"1793",2013-04-05,"SIO","urchin",2
"1794",2013-04-05,"SIO","urchin",1
"1795",2013-04-20,"SIO","urchin",1
"1796",2013-05-03,"SIO","urchin",1
"1797",2013-05-03,"SIO","urchin",4
"1798",2013-05-03,"SIO","urchin",1
"1799",2013-06-28,"SIO","urchin",1
"1800",2013-06-28,"SIO","urchin",1
"1801",2013-06-28,"SIO","urchin",2
"1802",2013-06-28,"SIO","urchin",1
"1803",2013-06-28,"SIO","urchin",1
"1804",2013-06-28,"SIO","urchin",1
"1805",2013-06-28,"SIO","urchin",3
"1806",2013-07-19,"SIO","urchin",1
"1807",2014-01-31,"SIO","urchin",1
"1808",2014-01-31,"SIO","urchin",1
"1809",2014-04-07,"SIO","urchin",1
"1810",2014-04-07,"SIO","urchin",1
"1811",2014-04-07,"SIO","urchin",2
"1812",2014-04-26,"SIO","urchin",214
"1813",2014-04-26,"SIO","urchin",156
"1814",2014-04-26,"SIO","urchin",126
"1815",2014-04-26,"SIO","urchin",226
"1816",2014-04-26,"SIO","urchin",238
"1817",2014-04-26,"SIO","urchin",168
"1818",2014-04-26,"SIO","urchin",135
"1819",2014-04-26,"SIO","urchin",173
"1820",2014-05-09,"SIO","urchin",5
"1821",2014-05-09,"SIO","urchin",8
"1822",2014-05-09,"SIO","urchin",5
"1823",2014-05-09,"SIO","urchin",11
"1824",2014-05-09,"SIO","urchin",3
"1825",2014-05-09,"SIO","urchin",6
"1826",2014-05-09,"SIO","urchin",21
"1827",2014-05-09,"SIO","urchin",9
"1828",2014-07-11,"SIO","urchin",7
"1829",2014-07-11,"SIO","urchin",1
"1830",2014-07-11,"SIO","urchin",7
"1831",2014-07-11,"SIO","urchin",9
"1832",2014-07-11,"SIO","urchin",2
"1833",2014-07-11,"SIO","urchin",3
"1834",2014-07-11,"SIO","urchin",3
"1835",2016-03-30,"ANACAPA","urchin",1
"1836",2016-03-30,"ANACAPA","urchin",1
"1837",2016-04-15,"ANACAPA","urchin",1
"1838",2016-04-15,"ANACAPA","urchin",1
"1839",2016-04-15,"ANACAPA","urchin",1
"1840",2015-01-31,"FBPC","urchin",1
"1841",2015-01-31,"FBPC","urchin",1
"1842",2015-07-08,"FBPC","urchin",1
"1843",2015-07-08,"FBPC","urchin",1
"1844",2015-08-06,"FBPC","urchin",1
"1845",2015-08-06,"FBPC","urchin",2
"1846",2015-08-06,"FBPC","urchin",1
"1847",2015-08-06,"FBPC","urchin",5
"1848",2015-08-06,"FBPC","urchin",1
"1849",2015-08-19,"FBPC","urchin",1
"1850",2015-09-15,"FBPC","urchin",2
"1851",2015-09-29,"FBPC","urchin",1
"1852",2015-09-29,"FBPC","urchin",2
"1853",2015-09-29,"FBPC","urchin",1
"1854",2015-09-29,"FBPC","urchin",1
"1855",2015-10-14,"FBPC","urchin",1
"1856",2015-11-11,"FBPC","urchin",1
"1857",2016-03-17,"FBPC","urchin",2
"1858",2016-03-30,"FBPC","urchin",4
"1859",2016-03-30,"FBPC","urchin",2
"1860",2016-03-30,"FBPC","urchin",1
"1861",2016-04-19,"FBPC","urchin",1
"1862",2016-04-19,"FBPC","urchin",1
"1863",2016-04-19,"FBPC","urchin",1
"1864",2016-04-19,"FBPC","urchin",1
"1865",2016-05-02,"FBPC","urchin",1
"1866",2016-05-02,"FBPC","urchin",1
"1867",2016-06-06,"FBPC","urchin",1
"1868",2016-07-20,"FBPC","urchin",1
"1869",2016-07-20,"FBPC","urchin",1
"1870",2016-08-04,"FBPC","urchin",1
"1871",2016-08-31,"FBPC","urchin",2
"1872",2016-08-31,"FBPC","urchin",1
"1873",2016-08-31,"FBPC","urchin",1
"1874",2016-08-31,"FBPC","urchin",1
"1875",2016-08-31,"FBPC","urchin",2
"1876",2016-08-31,"FBPC","urchin",1
"1877",2015-07-24,"GAVIOTA","urchin",2
"1878",2015-08-19,"GAVIOTA","urchin",1
"1879",2015-09-03,"GAVIOTA","urchin",1
"1880",2016-03-02,"GAVIOTA","urchin",1
"1881",2016-04-19,"GAVIOTA","urchin",1
"1882",2016-05-19,"GAVIOTA","urchin",1
"1883",2016-08-11,"GAVIOTA","urchin",1
"1884",2016-08-11,"GAVIOTA","urchin",1
"1885",2015-05-19,"OCNBCH","urchin",1
"1886",2016-08-19,"SBELL","urchin",1
"1887",2016-08-19,"SBELL","urchin",1
"1888",2015-07-23,"SBSTWRF","urchin",2
"1889",2015-07-23,"SBSTWRF","urchin",2
"1890",2016-03-16,"SBSTWRF","urchin",1
"1891",2016-04-14,"SBSTWRF","urchin",1
"1892",2016-07-21,"SBSTWRF","urchin",1
"1893",2016-07-21,"SBSTWRF","urchin",1
"1894",2016-08-07,"SBSTWRF","urchin",1
"1895",2015-05-19,"SIO","urchin",1
"1896",2016-09-15,"ANACAPA","urchin",1
"1897",2016-12-21,"ANACAPA","urchin",1
"1898",2017-01-06,"ANACAPA","urchin",1
"1899",2017-01-18,"ANACAPA","urchin",1
"1900",2017-03-02,"ANACAPA","urchin",5
"1901",2017-03-02,"ANACAPA","urchin",9
"1902",2017-03-02,"ANACAPA","urchin",4
"1903",2017-03-02,"ANACAPA","urchin",5
"1904",2017-04-13,"ANACAPA","urchin",2
"1905",2017-04-13,"ANACAPA","urchin",1
"1906",2017-05-11,"ANACAPA","urchin",1
"1907",2017-05-11,"ANACAPA","urchin",1
"1908",2017-05-20,"ANACAPA","urchin",2
"1909",2017-05-20,"ANACAPA","urchin",1
"1910",2017-06-08,"ANACAPA","urchin",1
"1911",2017-02-13,"FBPC","urchin",1
"1912",2017-02-13,"FBPC","urchin",1
"1913",2017-02-13,"FBPC","urchin",1
"1914",2017-05-17,"FBPC","urchin",2
"1915",2017-05-17,"FBPC","urchin",1
"1916",2017-06-14,"FBPC","urchin",1
"1917",2017-06-14,"FBPC","urchin",2
"1918",2017-06-14,"FBPC","urchin",1
"1919",2017-06-14,"FBPC","urchin",1
"1920",2017-06-27,"FBPC","urchin",2
"1921",2017-06-27,"FBPC","urchin",1
"1922",2017-06-27,"FBPC","urchin",1
"1923",2017-06-27,"FBPC","urchin",1
"1924",2017-06-27,"FBPC","urchin",4
"1925",2017-06-27,"FBPC","urchin",2
"1926",2017-06-27,"FBPC","urchin",3
"1927",2017-06-27,"FBPC","urchin",5
"1928",2017-01-05,"GAVIOTA","urchin",1
"1929",2017-03-24,"GAVIOTA","urchin",5
"1930",2017-03-24,"GAVIOTA","urchin",1
"1931",2017-03-24,"GAVIOTA","urchin",2
"1932",2017-03-24,"GAVIOTA","urchin",1
"1933",2017-03-24,"GAVIOTA","urchin",9
"1934",2017-03-24,"GAVIOTA","urchin",3
"1935",2017-03-24,"GAVIOTA","urchin",1
"1936",2017-04-05,"GAVIOTA","urchin",1
"1937",2017-04-05,"GAVIOTA","urchin",1
"1938",2017-04-05,"GAVIOTA","urchin",1
"1939",2017-04-05,"GAVIOTA","urchin",2
"1940",2017-04-19,"GAVIOTA","urchin",2
"1941",2017-04-19,"GAVIOTA","urchin",2
"1942",2017-04-19,"GAVIOTA","urchin",1
"1943",2017-05-09,"GAVIOTA","urchin",1
"1944",2017-06-11,"GAVIOTA","urchin",3
"1945",2017-06-11,"GAVIOTA","urchin",1
"1946",2017-06-11,"GAVIOTA","urchin",3
"1947",2017-06-11,"GAVIOTA","urchin",2
"1948",2017-09-26,"GAVIOTA","urchin",1
"1949",2017-02-19,"SBELL","urchin",1
"1950",2017-03-07,"SBELL","urchin",1
"1951",2017-03-07,"SBELL","urchin",3
"1952",2017-03-07,"SBELL","urchin",2
"1953",2017-03-07,"SBELL","urchin",1
"1954",2017-03-23,"SBELL","urchin",2
"1955",2017-03-23,"SBELL","urchin",4
"1956",2017-03-23,"SBELL","urchin",2
"1957",2017-03-23,"SBELL","urchin",1
"1958",2017-03-23,"SBELL","urchin",1
"1959",2017-04-06,"SBELL","urchin",1
"1960",2017-04-06,"SBELL","urchin",1
"1961",2017-04-06,"SBELL","urchin",3
"1962",2017-04-06,"SBELL","urchin",2
"1963",2017-04-06,"SBELL","urchin",1
"1964",2017-04-22,"SBELL","urchin",1
"1965",2017-04-22,"SBELL","urchin",2
"1966",2017-04-22,"SBELL","urchin",1
"1967",2017-05-09,"SBELL","urchin",1
"1968",2017-05-09,"SBELL","urchin",1
"1969",2017-05-20,"SBELL","urchin",1
"1970",2017-05-20,"SBELL","urchin",2
"1971",2017-05-20,"SBELL","urchin",1
"1972",2017-05-20,"SBELL","urchin",4
"1973",2017-05-20,"SBELL","urchin",4
"1974",2017-05-20,"SBELL","urchin",5
"1975",2017-05-20,"SBELL","urchin",3
"1976",2017-05-20,"SBELL","urchin",2
"1977",2017-06-04,"SBELL","urchin",3
"1978",2017-06-04,"SBELL","urchin",1
"1979",2017-06-04,"SBELL","urchin",2
"1980",2017-06-04,"SBELL","urchin",1
"1981",2017-06-04,"SBELL","urchin",1
"1982",2017-06-16,"SBELL","urchin",1
"1983",2017-06-16,"SBELL","urchin",1
"1984",2017-07-02,"SBELL","urchin",1
"1985",2017-07-02,"SBELL","urchin",2
"1986",2017-07-02,"SBELL","urchin",1
"1987",2017-07-02,"SBELL","urchin",1
"1988",2017-07-02,"SBELL","urchin",1
"1989",2017-03-07,"SBSTWRF","urchin",1
"1990",2017-03-07,"SBSTWRF","urchin",2
"1991",2017-03-07,"SBSTWRF","urchin",2
"1992",2017-03-23,"SBSTWRF","urchin",1
"1993",2017-03-23,"SBSTWRF","urchin",1
"1994",2017-03-23,"SBSTWRF","urchin",1
"1995",2017-04-06,"SBSTWRF","urchin",1
"1996",2017-04-06,"SBSTWRF","urchin",1
"1997",2017-04-22,"SBSTWRF","urchin",1
"1998",2017-05-20,"SBSTWRF","urchin",1
"1999",2017-05-20,"SBSTWRF","urchin",1
"2000",2017-05-20,"SBSTWRF","urchin",1
"2001",2017-05-20,"SBSTWRF","urchin",1
"2002",2017-05-20,"SBSTWRF","urchin",1
"2003",2017-06-16,"SBSTWRF","urchin",1
"2004",2017-06-16,"SBSTWRF","urchin",1
"2005",2017-07-02,"SBSTWRF","urchin",1
"2006",2014-09-12,"FBPC","urchin",1
"2007",2014-10-03,"FBPC","urchin",1
"2008",2015-08-28,"SIO","urchin",1
"2009",2020-03-08,"AVILA","urchin",1
"2010",2007-05-07,"MOHK","sea otter",1
"2011",2007-05-16,"GOLB","sea otter",1
"2012",2007-06-26,"AHND","sea otter",1
"2013",2007-06-28,"MOHK","sea otter",1
"2014",2007-10-31,"CARP","sea otter",1
"2015",2008-01-03,"NAPL","sea otter",1
"2016",2008-01-09,"IVEE","sea otter",1
"2017",2008-02-01,"AQUE","sea otter",7
"2018",2008-02-27,"LEADBETTER","sea otter",1
"2019",2008-02-27,"LEADBETTER","sea otter",1
"2020",2008-03-05,"AQUE","sea otter",12
"2021",2008-03-07,"AQUE","sea otter",12
"2022",2008-03-07,"IVEE","sea otter",1
"2023",2008-04-01,"AQUE","sea otter",11
"2024",2008-04-01,"IVEE","sea otter",1
"2025",2008-04-09,"AQUE","sea otter",9
"2026",2008-04-09,"CARP","sea otter",1
"2027",2008-04-09,"IVEE","sea otter",20
"2028",2008-04-11,"IVEE","sea otter",25
"2029",2008-04-24,"AQUE","sea otter",10
"2030",2008-04-24,"IVEE","sea otter",10
"2031",2008-05-01,"GOLB","sea otter",1
"2032",2008-05-02,"AQUE","sea otter",5
"2033",2008-05-02,"IVEE","sea otter",1
"2034",2008-05-02,"IVEE","sea otter",42
"2035",2008-05-19,"IVEE","sea otter",5
"2036",2008-06-19,"IVEE","sea otter",3
"2037",2008-07-28,"NAPL","sea otter",2
"2038",2008-11-06,"AQUE","sea otter",2
"2039",2008-11-06,"IVEE","sea otter",1
"2040",2008-11-24,"MOHK","sea otter",4
"2041",2009-01-27,"IVEE","sea otter",2
"2042",2009-01-27,"IVEE","sea otter",2
"2043",2009-07-28,"BULL","sea otter",2
"2044",2009-09-28,"AQUE","sea otter",2
"2045",2009-11-03,"OTHER","sea otter",1
"2046",2009-12-18,"Refugio","sea otter",1
"2047",2010-03-22,"Refugio","sea otter",1
"2048",2010-03-22,"NAPL","sea otter",1
"2049",2010-06-22,"AHND","sea otter",1
"2050",2010-06-22,"AHND","sea otter",1
"2051",2010-07-13,"IVEE","sea otter",1
"2052",2010-07-13,"IVEE","sea otter",1
"2053",2011-10-26,"IVEE","sea otter",1
"2054",2012-02-01,"AQUE","sea otter",1
"2055",2012-02-22,"BULL","sea otter",1
"2056",2012-02-22,"AHND","sea otter",1
"2057",2012-02-22,"AQUE","sea otter",1
"2058",2012-07-24,"BULL","sea otter",4
"2059",2012-07-24,"AHND","sea otter",4
"2060",2013-07-09,"OTHER","sea otter",1
"2061",2013-07-09,"OTHER","sea otter",9
"2062",2014-01-08,"AQUE","sea otter",1
"2063",2014-08-05,"BULL","sea otter",1
"2064",2016-02-23,"AQUE","sea otter",1
"2065",2016-04-05,"AQUE","sea otter",1
"2066",2014-02-05,"AQUE","sea otter",1
"2067",2016-01-12,"AQUE","sea otter",1
"2068",2016-12-07,"AQUE","sea otter",1
"2069",2017-11-15,"AQUE","sea otter",1
"2070",2017-12-18,"AQUE","sea otter",1
"2071",2017-12-19,"BULL","sea otter",1
"2072",2018-04-24,"AQUE","sea otter",3
"2073",2018-04-25,"IVEE","sea otter",2
"2074",2018-05-10,"AQUE","sea otter",1
"2075",2018-06-08,"NAPL","sea otter",1
"2076",2019-01-03,"AQUE","sea otter",1
"2077",2019-04-25,"IVEE","sea otter",1
"2078",2019-07-16,"AQUE","sea otter",1
"2079",2019-07-19,"AQUE","sea otter",1
"2080",2019-12-18,"BULL","sea otter",5
"2081",2019-12-18,"ALE","sea otter",1
"2082",2020-05-11,"AQUE","sea otter",1
"2083",2020-05-11,"IVEE","sea otter",1
