"YEAR","MONTH","DATE","SBC_SITE","LOCATION","COUNT","ACTIVITY","NOTES"
2007,5,"2007-05-01","MOHK","MOHK",0,.,.
2007,5,"2007-05-02","ABUR","ABUR",0,.,.
2007,5,"2007-05-02","MOHK","MOHK",0,.,.
2007,5,"2007-05-07","MOHK","MOHK",1,"FEEDING","SOUTHEAST OF INSIDE SPAR BUOY"
2007,5,"2007-05-08","AQUE","AQUE",0,.,.
2007,5,"2007-05-13","MOHK","MOHK",0,.,.
2007,5,"2007-05-14","MOHK","MOHK",0,.,.
2007,5,"2007-05-15","MOHK","MOHK",0,.,.
2007,5,"2007-05-16","GOLB","MORE MESA",1,"FEEDING",.
2007,5,"2007-05-22","MOHK","MOHK",0,.,.
2007,5,"2007-05-23","MOHK","MOHK",0,.,.
2007,5,"2007-05-24","SCTW","SCTW",0,.,.
2007,5,"2007-05-24","SCDI","SCDI",0,.,.
2007,5,"2007-05-25","MOHK","MOHK",0,.,.
2007,5,"2007-05-30","MOHK","MOHK",0,.,.
2007,6,"2007-06-04","MOHK","MOHK",0,.,.
2007,6,"2007-06-04","ABUR","ABUR",0,.,.
2007,6,"2007-06-07","AQUE","AQUE",0,.,.
2007,6,"2007-06-08","MOHK","MOHK",0,.,.
2007,6,"2007-06-12","MOHK","MOHK",0,.,.
2007,6,"2007-06-13","MOHK","MOHK",0,.,.
2007,6,"2007-06-19","MOHK","MOHK",0,.,.
2007,6,"2007-06-21","MOHK","MOHK",0,.,.
2007,6,"2007-06-21","GOLB","GOLB",0,.,.
2007,6,"2007-06-25","AQUE","AQUE",0,.,.
2007,6,"2007-06-25","NAPL","NAPL",0,.,.
2007,6,"2007-06-26","BULL","BULL",0,.,.
2007,6,"2007-06-26","AHND","AHND",0,.,.
2007,6,"2007-06-26","AHND","AHND",1,"FEEDING",.
2007,6,"2007-06-26","NAPL","NAPL",0,.,.
2007,6,"2007-06-28","MOHK","SHORELINE DRIVE",1,"PREENING",.
2007,7,"2007-07-02","AQUE","AQUE",0,.,.
2007,7,"2007-07-03","NAPL","NAPL",0,.,.
2007,7,"2007-07-03","NAPL","NAPL",0,.,.
2007,7,"2007-07-05","CARP","CARP",0,.,.
2007,7,"2007-07-09","ABUR","ABUR",0,.,.
2007,7,"2007-07-09","MOHK","MOHK",0,.,.
2007,7,"2007-07-10","CARP","CARP",0,.,.
2007,7,"2007-07-10","SCTW","ORIZABA REEF",0,.,.
2007,7,"2007-07-12","MOHK","MOHK",0,.,.
2007,7,"2007-07-16","MOHK","MOHK",0,.,.
2007,7,"2007-07-16","GOLB","GOLB",0,.,.
2007,7,"2007-07-17","NAPL","NAPL",0,.,.
2007,7,"2007-07-17","AQUE","AQUE",0,.,.
2007,7,"2007-07-18","CARP","CARP",0,.,.
2007,7,"2007-07-19","BULL","BULL",0,.,.
2007,7,"2007-07-19","AHND","AHND",0,.,.
2007,7,"2007-07-20","MOHK","MOHK",0,.,.
2007,7,"2007-07-20","IVEE","IVEE",0,.,.
2007,7,"2007-07-20","ABUR","ABUR",0,.,.
2007,7,"2007-07-23","NAPL","NAPL",0,.,.
2007,7,"2007-07-24","NAPL","NAPL",0,.,.
2007,7,"2007-07-25","CARP","CARP",0,.,.
2007,7,"2007-07-26","SCTW","SCTW",0,.,.
2007,7,"2007-07-26","SCDI","SCDI",0,.,.
2007,8,"2007-08-01","AQUE","AQUE",0,.,.
2007,8,"2007-08-02","MOHK","MOHK",0,.,.
2007,8,"2007-08-02","ABUR","ABUR",0,.,.
2007,8,"2007-08-08","MOHK","MOHK",0,.,.
2007,8,"2007-08-17","AQUE","AQUE",0,.,.
2007,8,"2007-08-17","NAPL","NAPL",0,.,.
2007,8,"2007-08-17","MOHK","MOHK",0,.,.
2007,8,"2007-08-17","CARP","CARP",0,.,.
2007,8,"2007-08-20","CARP","CARP",0,.,.
2007,8,"2007-08-23","MOHK","MOHK",0,.,.
2007,8,"2007-08-30","AQUE","AQUE",0,.,.
2007,9,"2007-09-05","MOHK","MOHK",0,.,.
2007,9,"2007-09-07","MOHK","MOHK",0,.,.
2007,9,"2007-09-07","ABUR","ABUR",0,.,.
2007,9,"2007-09-10","MOHK","MOHK",0,.,.
2007,9,"2007-09-10","ABUR","ABUR",0,.,.
2007,9,"2007-09-11","MOHK","MOHK",0,.,.
2007,9,"2007-09-13","MOHK","MOHK",0,.,.
2007,9,"2007-09-18","OTHER","MONTECITO",0,.,.
2007,9,"2007-09-18","MOHK","MOHK",0,.,.
2007,9,"2007-09-19","AQUE","AQUE",0,.,.
2007,9,"2007-09-19","NAPL","NAPL",0,.,.
2007,9,"2007-09-29","MOHK","MOHK",0,.,.
2007,9,"2007-09-29","ABUR","ABUR",0,.,.
2007,10,"2007-10-08","AQUE","AQUE",0,.,.
2007,10,"2007-10-10","MOHK","MOHK",0,.,.
2007,10,"2007-10-12","ABUR","ABUR",0,.,.
2007,10,"2007-10-12","MOHK","MOHK",0,.,.
2007,10,"2007-10-16","NAPL","NAPL",0,.,.
2007,10,"2007-10-17","CARP","CARP",0,.,.
2007,10,"2007-10-18","ABUR","ABUR",0,.,.
2007,10,"2007-10-23","MOHK","MOHK",0,.,.
2007,10,"2007-10-24","MOHK","MOHK",0,.,.
2007,10,"2007-10-26","MOHK","MOHK",0,.,.
2007,10,"2007-10-30","NAPL","NAPL",0,.,.
2007,10,"2007-10-31","CARP","CARP",1,"FEEDING","WEST EDGE OF CARPINTERIA REEF"
2007,11,"2007-11-02","MOHK","MOHK",0,.,.
2007,11,"2007-11-05","MOHK","MOHK",0,.,.
2007,11,"2007-11-05","ABUR","ABUR",0,.,.
2007,11,"2007-11-07","AQUE","AQUE",0,.,.
2007,11,"2007-11-13","AQUE","AQUE",0,.,.
2007,11,"2007-11-14","MOHK","MOHK",0,.,.
2007,11,"2007-11-27","MOHK","MOHK",0,.,.
2007,11,"2007-11-28","MOHK","MOHK",0,.,.
2007,12,"2007-12-03","MOHK","MOHK",0,.,.
2007,12,"2007-12-03","ABUR","ABUR",0,.,.
2007,12,"2007-12-10","AQUE","AQUE",0,.,.
2007,12,"2007-12-10","NAPL","NAPL",0,.,.
2007,12,"2007-12-11","MOHK","MOHK",0,.,.
2008,1,"2008-01-02","MOHK","MOHK",0,.,.
2008,1,"2008-01-02","ABUR","ABUR",0,.,.
2008,1,"2008-01-03","NAPL","NAPL",1,"RAFTING",.
2008,1,"2008-01-03","AQUE","AQUE",0,.,.
2008,1,"2008-01-08","ABUR","ABUR",0,.,.
2008,1,"2008-01-08","MOHK","MOHK",0,.,.
2008,1,"2008-01-09","IVEE","IVEE",1,"RAFTING",.
2008,1,"2008-01-10","NAPL","NAPL",0,.,.
2008,1,"2008-01-11","CARP","CARP",0,.,.
2008,1,"2008-01-15","MOHK","MOHK",0,.,.
2008,1,"2008-01-17","MOHK","MOHK",0,.,.
2008,1,"2008-01-30","AQUE","AQUE",0,.,.
2008,1,"2008-01-31","CARP","CARP",0,.,.
2008,1,"2008-01-31","MOHK","MOHK",0,.,.
2008,2,"2008-02-01","AQUE","AQUE",7,"RAFTING","1 IN KELP BED; 6 ON OUTER EDGE OF KELP BED"
2008,2,"2008-02-01","NAPL","NAPL",0,.,.
2008,2,"2008-02-01","IVEE","IVEE",0,.,.
2008,2,"2008-02-01","GOLB","GOLB",0,.,.
2008,2,"2008-02-07","MOHK","MOHK",0,.,.
2008,2,"2008-02-07","ABUR","ABUR",0,.,.
2008,2,"2008-02-08","MOHK","MOHK",0,.,.
2008,2,"2008-02-12","CARP","CARP",0,.,.
2008,2,"2008-02-20","MOHK","MOHK",0,.,.
2008,2,"2008-02-27","LEADBETTER","LEADBETTER",1,.,"OUTSIDE LEADBETTER KELP BED"
2008,2,"2008-02-27","LEADBETTER","LEADBETTER",1,.,"OFFSHORE OF LEADBETTER"
2008,3,"2008-03-04","GOLB","GOLB",0,.,.
2008,3,"2008-03-04","MOHK","MOHK",0,.,.
2008,3,"2008-03-04","ABUR","ABUR",0,.,.
2008,3,"2008-03-05","AQUE","AQUE",12,.,"EDGE OF KELP BED"
2008,3,"2008-03-07","AQUE","AQUE",12,.,"OUTSIDE EDGE OF KELP BED"
2008,3,"2008-03-07","AQUE","AQUE",0,.,.
2008,3,"2008-03-07","IVEE","DEVEREAUX",1,.,.
2008,3,"2008-03-07","NAPL","NAPL",0,.,.
2008,3,"2008-03-11","CARP","CARP",0,.,.
2008,3,"2008-03-11","MOHK","MOHK",0,.,.
2008,3,"2008-03-18","MOHK","MOHK",0,.,.
2008,3,"2008-03-19","MOHK","MOHK",0,.,.
2008,3,"2008-03-21","MOHK","MOHK",0,.,.
2008,3,"2008-03-31","BULL","BULL",0,.,.
2008,3,"2008-03-31","AHND","AHND",0,.,.
2008,4,"2008-04-01","AQUE","AQUE",11,.,"OUTER EDGE OF KELP BED"
2008,4,"2008-04-01","IVEE","DEVEREAUX",1,.,.
2008,4,"2008-04-02","CARP","CARP",0,.,.
2008,4,"2008-04-03","MOHK","MOHK",0,.,.
2008,4,"2008-04-03","ABUR","ABUR",0,.,.
2008,4,"2008-04-07","MOHK","MOHK",0,.,.
2008,4,"2008-04-09","AQUE","AQUE",9,.,.
2008,4,"2008-04-09","CARP","HORSESHOE REEF",1,.,.
2008,4,"2008-04-09","IVEE","DEVEREAUX",20,.,"20+ SEEN"
2008,4,"2008-04-11","NAPL","NAPL",0,.,.
2008,4,"2008-04-11","IVEE","IVEE",25,.,.
2008,4,"2008-04-14","MOHK","MOHK",0,.,.
2008,4,"2008-04-15","MOHK","MOHK",0,.,.
2008,4,"2008-04-17","MOHK","MOHK",0,.,.
2008,4,"2008-04-22","MOHK","MOHK",0,.,.
2008,4,"2008-04-24","AQUE","AQUE",10,.,"10+"
2008,4,"2008-04-24","IVEE","IVEE",10,.,.
2008,4,"2008-04-24","NAPL","NAPL",0,.,.
2008,5,"2008-05-01","ABUR","ABUR",0,.,.
2008,5,"2008-05-01","GOLB","MORE MESA",1,.,.
2008,5,"2008-05-02","AQUE","AQUE",5,.,.
2008,5,"2008-05-02","IVEE","DEVEREAUX",1,.,.
2008,5,"2008-05-02","IVEE","IVEE",42,.,.
2008,5,"2008-05-06","SCTW","SCTW",0,.,.
2008,5,"2008-05-06","SCDI","SCDI",0,.,.
2008,5,"2008-05-08","CARP","CARP",0,.,.
2008,5,"2008-05-15","MOHK","MOHK",0,.,.
2008,5,"2008-05-19","IVEE","IVEE",5,.,.
2008,5,"2008-05-19","NAPL","NAPL",0,.,.
2008,5,"2008-05-20","CARP","CARP",0,.,.
2008,5,"2008-05-20","MOHK","MOHK",0,.,.
2008,5,"2008-05-28","AQUE","AQUE",0,.,.
2008,5,"2008-05-29","MOHK","MOHK",0,.,.
2008,6,"2008-06-02","MOHK","MOHK",0,.,.
2008,6,"2008-06-03","AQUE","AQUE",0,.,.
2008,6,"2008-06-12","ABUR","ABUR",0,.,.
2008,6,"2008-06-13","MOHK","MOHK",0,.,.
2008,6,"2008-06-17","MOHK","MOHK",0,.,.
2008,6,"2008-06-18","ABUR","ABUR",0,.,.
2008,6,"2008-06-19","IVEE","IVEE",3,.,.
2008,6,"2008-06-19","NAPL","NAPL",0,.,.
2008,6,"2008-06-23","CARP","CARP",0,.,.
2008,6,"2008-06-24","AQUE","AQUE",0,.,.
2008,6,"2008-06-26","MOHK","MOHK",0,.,.
2008,6,"2008-06-30","MOHK","MOHK",0,.,.
2008,7,"2008-07-01","MOHK","MOHK",0,.,.
2008,7,"2008-07-01","AQUE","AQUE",0,.,.
2008,7,"2008-07-05","CARP","CARP",0,.,.
2008,7,"2008-07-07","MOHK","MOHK",0,.,.
2008,7,"2008-07-10","MOHK","MOHK",0,.,.
2008,7,"2008-07-10","ABUR","ABUR",0,.,.
2008,7,"2008-07-10","ABUR","ABUR",0,.,.
2008,7,"2008-07-11","NAPL","NAPL",0,.,.
2008,7,"2008-07-14","AQUE","AQUE",0,.,.
2008,7,"2008-07-15","CARP","CARP",0,.,.
2008,7,"2008-07-17","MOHK","MOHK",0,.,.
2008,7,"2008-07-17","CARP","CARP",0,.,.
2008,7,"2008-07-21","IVEE","IVEE",0,.,.
2008,7,"2008-07-21","NAPL","NAPL",0,.,.
2008,7,"2008-07-22","IVEE","IVEE",0,.,.
2008,7,"2008-07-22","GOLB","GOLB",0,.,.
2008,7,"2008-07-22","GOLB","GOLB",0,.,.
2008,7,"2008-07-23","AQUE","AQUE",0,.,.
2008,7,"2008-07-23","AQUE","AQUE",0,.,.
2008,7,"2008-07-24","CARP","CARP",0,.,.
2008,7,"2008-07-24","CARP","CARP",0,.,.
2008,7,"2008-07-25","CARP","CARP",0,.,.
2008,7,"2008-07-25","CARP","CARP",0,.,.
2008,7,"2008-07-28","NAPL","NAPL",2,"FEEDING",.
2008,7,"2008-07-28","NAPL","NAPL",0,.,.
2008,7,"2008-07-29","BULL","BULL",0,.,.
2008,7,"2008-07-29","BULL","BULL",0,.,.
2008,7,"2008-07-29","AHND","AHND",0,.,.
2008,7,"2008-07-30","SCDI","SCDI",0,.,.
2008,7,"2008-07-30","SCTW","SCTW",0,.,.
2008,7,"2008-07-31","ABUR","ABUR",0,.,.
2008,7,"2008-07-31","MOHK","MOHK",0,.,.
2008,8,"2008-08-01","NAPL","NAPL",0,.,.
2008,8,"2008-08-01","NAPL","NAPL",0,.,.
2008,8,"2008-08-07","MOHK","MOHK",0,.,.
2008,8,"2008-08-07","ABUR","ABUR",0,.,.
2008,8,"2008-08-08","AQUE","AQUE",0,.,.
2008,8,"2008-08-11","CARP","CARP",0,.,.
2008,8,"2008-08-12","AQUE","AQUE",0,.,.
2008,8,"2008-08-13","NAPL","NAPL",0,.,.
2008,8,"2008-08-13","NAPL","NAPL",0,.,.
2008,8,"2008-08-14","MOHK","MOHK",0,.,.
2008,8,"2008-08-18","CARP","CARP",0,.,.
2008,8,"2008-08-19","MOHK","MOHK",0,.,.
2008,8,"2008-08-20","ABUR","ABUR",0,.,.
2008,8,"2008-08-20","MOHK","MOHK",0,.,.
2008,8,"2008-08-28","MOHK","MOHK",0,.,.
2008,9,"2008-09-03","AQUE","AQUE",0,.,.
2008,9,"2008-09-04","ABUR","ABUR",0,.,.
2008,9,"2008-09-04","MOHK","MOHK",0,.,.
2008,9,"2008-09-09","NAPL","NAPL",0,.,.
2008,9,"2008-09-09","GOLB","GOLB",0,.,.
2008,9,"2008-09-11","GOLB","GOLB",0,.,.
2008,9,"2008-09-11","MOHK","MOHK",0,.,.
2008,9,"2008-09-15","MOHK","MOHK",0,.,.
2008,9,"2008-09-22","MOHK","MOHK",0,.,.
2008,9,"2008-09-23","MOHK","MOHK",0,.,.
2008,9,"2008-09-26","NAPL","NAPL",0,.,.
2008,9,"2008-09-29","MOHK","MOHK",0,.,.
2008,10,"2008-10-01","ABUR","ABUR",0,.,.
2008,10,"2008-10-02","AQUE","AQUE",0,.,.
2008,10,"2008-10-10","NAPL","NAPL",0,.,.
2008,10,"2008-10-16","MOHK","MOHK",0,.,.
2008,10,"2008-10-22","MOHK","MOHK",0,.,.
2008,10,"2008-10-24","CARP","CARP",0,.,.
2008,10,"2008-10-28","AQUE","AQUE",0,.,.
2008,10,"2008-10-29","OTHER","PALOS VERDES",0,.,.
2008,11,"2008-11-06","AQUE","AQUE",2,.,"1 AT AQUE;1 AT TAJIGUAS"
2008,11,"2008-11-06","IVEE","DEVEREAUX",1,.,.
2008,11,"2008-11-07","ABUR","ABUR",0,.,.
2008,11,"2008-11-07","MOHK","MOHK",0,.,.
2008,11,"2008-11-12","SCTW","SCTW",0,.,.
2008,11,"2008-11-14","SCTW","SCTW",0,.,.
2008,11,"2008-11-18","SCTW","FRY'S HARBOR",0,.,.
2008,11,"2008-11-23","GOLB","GOLB",0,.,.
2008,11,"2008-11-24","CARP","CARP",0,.,.
2008,11,"2008-11-24","MOHK","S.B. HARBOR",4,.,.
2008,12,"2008-12-03","MOHK","MOHK",0,.,.
2008,12,"2008-12-04","AQUE","AQUE",0,.,.
2008,12,"2008-12-05","ABUR","ABUR",0,.,.
2008,12,"2008-12-08","NAPL","NAPL",0,.,.
2008,12,"2008-12-12","MOHK","MOHK",0,.,.
2008,12,"2008-12-17","CARP","CARP",0,.,.
2008,12,"2008-12-18","AQUE","AQUE",0,.,.
2009,1,"2009-01-06","ABUR","ABUR",0,.,.
2009,1,"2009-01-08","NAPL","NAPL",0,.,.
2009,1,"2009-01-12","MOHK","MOHK",0,.,.
2009,1,"2009-01-15","AQUE","AQUE",0,.,.
2009,1,"2009-01-15","IVEE","IVEE",0,.,.
2009,1,"2009-01-27","IVEE","IVEE",2,"FEEDING",.
2009,1,"2009-01-27","IVEE","IVEE",2,"RAFTING",.
2009,1,"2009-01-27","NAPL","NAPL",0,.,.
2009,1,"2009-01-28","MOHK","MOHK",0,.,.
2009,1,"2009-01-29","AQUE","AQUE",0,.,.
2009,1,"2009-01-30","CARP","CARP",0,.,.
2009,2,"2009-02-02","AQUE","AQUE",0,.,.
2009,2,"2009-02-02","AHND","AHND",0,.,.
2009,2,"2009-02-02","BULL","BULL",0,.,.
2009,2,"2009-02-03","ABUR","ABUR",0,.,.
2009,2,"2009-02-03","MOHK","MOHK",0,.,.
2009,2,"2009-02-04","MOHK","MOHK",0,.,.
2009,2,"2009-02-19","CARP","CARP",0,.,.
2009,2,"2009-02-19","MOHK","MOHK",0,.,.
2009,2,"2009-02-25","GOLB","GOLB",0,.,.
2009,2,"2009-02-25","MOHK","MOHK",0,.,.
2009,3,"2009-03-02","MOHK","MOHK",0,.,.
2009,3,"2009-03-09","ABUR","ABUR",0,.,.
2009,3,"2009-03-09","MOHK","MOHK",0,.,.
2009,3,"2009-03-10","AQUE","AQUE",0,.,.
2009,3,"2009-03-16","MOHK","MOHK",0,.,.
2009,3,"2009-03-17","CARP","CARP",0,.,.
2009,3,"2009-03-18","AQUE","AQUE",0,.,.
2009,3,"2009-03-18","NAPL","NAPL",0,.,.
2009,3,"2009-03-31","AQUE","AQUE",0,.,.
2009,3,"2009-03-31","NAPL","NAPL",0,.,.
2009,3,"2009-03-31","MOHK","MOHK",0,.,.
2009,4,"2009-04-02","MOHK","MOHK",0,.,.
2009,4,"2009-04-07","ABUR","ABUR",0,.,.
2009,4,"2009-04-07","MOHK","MOHK",0,.,.
2009,4,"2009-04-21","AQUE","AQUE",0,.,.
2009,4,"2009-04-22","NAPL","NAPL",0,.,.
2009,4,"2009-04-24","MOHK","MOHK",0,.,.
2009,4,"2009-04-29","CARP","CARP",0,.,.
2009,5,"2009-05-01","AQUE","AQUE",0,.,.
2009,5,"2009-05-04","ABUR","ABUR",0,.,.
2009,5,"2009-05-05","MOHK","MOHK",0,.,.
2009,5,"2009-05-05","MOHK","MOHK",0,.,.
2009,5,"2009-05-12","MOHK","MOHK",0,.,.
2009,5,"2009-05-18","SCDI","SCDI",0,.,.
2009,5,"2009-05-18","SCTW","SCTW",0,.,.
2009,5,"2009-05-27","MOHK","MOHK",0,.,.
2009,5,"2009-05-27","ABUR","ABUR",0,.,.
2009,5,"2009-05-27","MOHK","MOHK",0,.,.
2009,5,"2009-05-28","MOHK","MOHK",0,.,.
2009,5,"2009-05-29","MOHK","MOHK",0,.,.
2009,5,"2009-05-29","NAPL","NAPL",0,.,.
2009,5,"2009-05-29","MOHK","MOHK",0,.,.
2009,5,"2009-05-29","MOHK","MOHK",0,.,.
2009,5,"2009-05-29","MOHK","MOHK",0,.,.
2009,5,"2009-05-29","NAPL","NAPL",0,.,.
2009,6,"2009-06-02","MOHK","MOHK",0,.,.
2009,6,"2009-06-04","AQUE","AQUE",0,.,.
2009,6,"2009-06-04","MOHK","MOHK",0,.,.
2009,6,"2009-06-04","NAPL","NAPL",0,.,.
2009,6,"2009-06-09","MOHK","MOHK",0,.,.
2009,6,"2009-06-10","CARP","CARP",0,.,.
2009,6,"2009-06-11","NAPL","NAPL",0,.,.
2009,6,"2009-06-18","AQUE","AQUE",0,.,.
2009,6,"2009-06-23","IVEE","IVEE",0,.,.
2009,6,"2009-06-25","MOHK","MOHK",0,.,.
2009,6,"2009-06-25","MOHK","MOHK",0,.,.
2009,6,"2009-06-30","CARP","CARP",0,.,.
2009,7,"2009-07-01","MOHK","MOHK",0,.,.
2009,7,"2009-07-01","ABUR","ABUR",0,.,.
2009,7,"2009-07-02","AQUE","AQUE",0,.,.
2009,7,"2009-07-08","BULL","BULL",0,.,.
2009,7,"2009-07-08","AHND","AHND",0,.,.
2009,7,"2009-07-09","MOHK","MOHK",0,.,.
2009,7,"2009-07-10","MOHK","MOHK",0,.,.
2009,7,"2009-07-14","NAPL","NAPL",0,.,.
2009,7,"2009-07-15","AQUE","AQUE",0,.,.
2009,7,"2009-07-17","MOHK","MOHK",0,.,.
2009,7,"2009-07-17","IVEE","IVEE",0,.,.
2009,7,"2009-07-17","MOHK","MOHK",0,.,.
2009,7,"2009-07-17","NAPL","NAPL",0,.,.
2009,7,"2009-07-20","GOLB","GOLB",0,.,.
2009,7,"2009-07-20","IVEE","IVEE",0,.,.
2009,7,"2009-07-21","NAPL","NAPL",0,.,.
2009,7,"2009-07-21","NAPL","NAPL",0,.,.
2009,7,"2009-07-22","NAPL","NAPL",0,.,.
2009,7,"2009-07-22","NAPL","NAPL",0,.,.
2009,7,"2009-07-23","MOHK","MOHK",0,.,.
2009,7,"2009-07-23","MOHK","MOHK",0,.,.
2009,7,"2009-07-24","ABUR","ABUR",0,.,.
2009,7,"2009-07-24","CARP","CARP",0,.,.
2009,7,"2009-07-24","MOHK","MOHK",0,.,.
2009,7,"2009-07-27","AQUE","AQUE",0,.,.
2009,7,"2009-07-27","AQUE","AQUE",0,.,.
2009,7,"2009-07-27","SCTW","SCTW",0,.,.
2009,7,"2009-07-27","AHND","AHND",0,.,.
2009,7,"2009-07-27","SCDI","SCDI",0,.,.
2009,7,"2009-07-28","BULL","BULL",2,"RAFTING",.
2009,7,"2009-07-28","BULL","BULL",0,.,.
2009,7,"2009-07-28","AHND","AHND",0,.,.
2009,7,"2009-07-28","AHND","AHND",0,.,.
2009,7,"2009-07-29","SCDI","SCDI",0,.,.
2009,7,"2009-07-30","CARP","CARP",0,.,.
2009,7,"2009-07-30","CARP","CARP",0,.,.
2009,8,"2009-08-05","AQUE","AQUE",0,.,.
2009,8,"2009-08-05","NAPL","NAPL",0,.,.
2009,8,"2009-08-06","ABUR","ABUR",0,.,.
2009,8,"2009-08-06","MOHK","MOHK",0,.,.
2009,8,"2009-08-10","MOHK","MOHK",0,.,.
2009,8,"2009-08-11","MOHK","MOHK",0,.,.
2009,8,"2009-08-11","CARP","CARP",0,.,.
2009,8,"2009-08-13","MOHK","MOHK",0,.,.
2009,8,"2009-08-27","NAPL","NAPL",0,.,.
2009,8,"2009-08-30","AQUE","AQUE",0,.,.
2009,9,"2009-09-01","ABUR","ABUR",0,.,.
2009,9,"2009-09-01","MOHK","MOHK",0,.,.
2009,9,"2009-09-02","MOHK","MOHK",0,.,.
2009,9,"2009-09-04","CARP","CARP",0,.,.
2009,9,"2009-09-09","BULL","BULL",0,.,.
2009,9,"2009-09-09","AHND","AHND",0,.,.
2009,9,"2009-09-09","AQUE","AQUE",0,.,.
2009,9,"2009-09-10","CARP","CARP",0,.,.
2009,9,"2009-09-22","ABUR","ABUR",0,.,.
2009,9,"2009-09-22","GOLB","GOLB",0,.,.
2009,9,"2009-09-22","IVEE","IVEE",0,.,.
2009,9,"2009-09-22","MOHK","MOHK",0,.,.
2009,9,"2009-09-22","NAPL","NAPL",0,.,.
2009,9,"2009-09-24","MOHK","MOHK",0,.,.
2009,9,"2009-09-28","AQUE","AQUE",2,"RAFTING",.
2009,9,"2009-09-30","MOHK","MOHK",0,.,.
2009,10,"2009-10-01","ABUR","ABUR",0,.,.
2009,10,"2009-10-05","MOHK","MOHK",0,.,.
2009,10,"2009-10-07","AQUE","AQUE",0,.,.
2009,10,"2009-10-08","OTHER","ANACAPA ISLAND",0,.,.
2009,10,"2009-10-09","MOHK","MOHK",0,.,.
2009,10,"2009-10-12","CARP","CARP",0,.,.
2009,10,"2009-10-20","NAPL","NAPL",0,.,.
2009,10,"2009-10-29","MOHK","MOHK",0,.,.
2009,11,"2009-11-02","MOHK","MOHK",0,.,.
2009,11,"2009-11-03","ABUR","ABUR",0,.,.
2009,11,"2009-11-03","OTHER","AVILA BAY",1,.,.
2009,11,"2009-11-03","MOHK","MOHK",0,.,.
2009,11,"2009-11-05","MOHK","MOHK",0,.,.
2009,11,"2009-11-05","OTHER","SAN MIGUEL ISLAND",0,.,.
2009,11,"2009-11-06","AQUE","AQUE",0,.,.
2009,11,"2009-11-10","ABUR","ABUR",0,.,.
2009,11,"2009-11-10","CARP","CARP",0,.,.
2009,11,"2009-11-16","AQUE","AQUE",0,.,.
2009,11,"2009-11-16","NAPL","NAPL",0,.,.
2009,11,"2009-11-17","CARP","CARP",0,.,.
2009,11,"2009-11-17","MOHK","MOHK",0,.,.
2009,11,"2009-11-20","IVEE","IVEE",0,.,.
2009,11,"2009-11-20","SCDI","SCDI",0,.,.
2009,11,"2009-11-23","MOHK","MOHK",0,.,.
2009,12,"2009-12-01","AQUE","AQUE",0,.,.
2009,12,"2009-12-01","AQUE","AQUE",0,.,.
2009,12,"2009-12-01","IVEE","IVEE",0,.,.
2009,12,"2009-12-01","NAPL","NAPL",0,.,.
2009,12,"2009-12-02","MOHK","MOHK",0,.,.
2009,12,"2009-12-03","ABUR","ABUR",0,.,.
2009,12,"2009-12-03","GOLB","GOLB",0,.,.
2009,12,"2009-12-03","MOHK","MOHK",0,.,.
2009,12,"2009-12-03","MOHK","MOHK",0,.,.
2009,12,"2009-12-15","ABUR","ABUR",0,.,.
2009,12,"2009-12-18","Refugio","REFUGIO",1,.,.
2009,12,"2009-12-18","ABUR","ABUR",0,.,.
2009,12,"2009-12-18","MOHK","MOHK",0,.,.
2010,1,"2010-01-05","AQUE","AQUE",0,.,.
2010,1,"2010-01-07","ABUR","ABUR",0,.,.
2010,1,"2010-01-07","MOHK","MOHK",0,.,.
2010,1,"2010-01-07","MOHK","MOHK",0,.,.
2010,1,"2010-01-28","AQUE","AQUE",0,.,.
2010,1,"2010-01-28","NAPL","NAPL",0,.,.
2010,1,"2010-01-29","CARP","CARP",0,.,.
2010,2,"2010-02-01","ABUR","ABUR",0,.,.
2010,2,"2010-02-01","CARP","CARP",0,.,.
2010,2,"2010-02-02","ABUR","ABUR",0,.,.
2010,2,"2010-02-02","MOHK","MOHK",0,.,.
2010,2,"2010-02-04","AQUE","AQUE",0,.,.
2010,2,"2010-02-09","CARP","CARP",0,.,.
2010,2,"2010-02-11","MOHK","MOHK",0,.,.
2010,2,"2010-02-18","ABUR","ABUR",0,.,.
2010,2,"2010-02-18","CARP","CARP",0,.,.
2010,2,"2010-02-18","MOHK","MOHK",0,.,.
2010,2,"2010-02-23","ABUR","ABUR",0,.,.
2010,2,"2010-02-23","GOLB","GOLB",0,.,.
2010,2,"2010-02-23","IVEE","IVEE",0,.,.
2010,2,"2010-02-23","MOHK","MOHK",0,.,.
2010,3,"2010-03-02","MOHK","MOHK",0,.,.
2010,3,"2010-03-02","MOHK","MOHK",0,.,.
2010,3,"2010-03-02","NAPL","NAPL",0,.,.
2010,3,"2010-03-05","AQUE","AQUE",0,.,.
2010,3,"2010-03-05","AQUE","AQUE",0,.,.
2010,3,"2010-03-05","NAPL","NAPL",0,.,.
2010,3,"2010-03-08","ABUR","ABUR",0,.,.
2010,3,"2010-03-08","MOHK","MOHK",0,.,.
2010,3,"2010-03-11","CARP","CARP",0,.,.
2010,3,"2010-03-12","ABUR","ABUR",0,.,.
2010,3,"2010-03-12","GOLB","GOLB",0,.,.
2010,3,"2010-03-15","MOHK","MOHK",0,.,.
2010,3,"2010-03-17","AHND","AHND",0,.,.
2010,3,"2010-03-17","AHND","AHND",0,.,.
2010,3,"2010-03-17","AHND","AHND",0,.,.
2010,3,"2010-03-17","AHND","AHND",0,.,.
2010,3,"2010-03-19","NAPL","NAPL",0,.,.
2010,3,"2010-03-22","Refugio","REFUGIO",1,"FEEDING",.
2010,3,"2010-03-22","NAPL","NAPL",1,"RAFTING",.
2010,3,"2010-03-23","MOHK","MOHK",0,.,.
2010,3,"2010-03-29","ABUR","ABUR",0,.,.
2010,3,"2010-03-29","MOHK","MOHK",0,.,.
2010,4,"2010-04-06","AQUE","AQUE",0,.,.
2010,4,"2010-04-08","ABUR","ABUR",0,.,.
2010,4,"2010-04-08","MOHK","MOHK",0,.,.
2010,4,"2010-04-19","NAPL","NAPL",0,.,.
2010,4,"2010-04-20","MOHK","MOHK",0,.,.
2010,4,"2010-04-23","CARP","CARP",0,.,.
2010,4,"2010-04-26","AQUE","AQUE",0,.,.
2010,4,"2010-04-27","NAPL","NAPL",0,.,.
2010,5,"2010-05-03","ABUR","ABUR",0,.,.
2010,5,"2010-05-03","MOHK","MOHK",0,.,.
2010,5,"2010-05-05","MOHK","MOHK",0,.,.
2010,5,"2010-05-07","AQUE","AQUE",0,.,.
2010,5,"2010-05-07","NAPL","NAPL",0,.,.
2010,5,"2010-05-14","CARP","CARP",0,.,.
2010,5,"2010-05-19","MOHK","MOHK",0,.,.
2010,5,"2010-05-26","CARP","CARP",0,.,.
2010,5,"2010-05-26","MOHK","MOHK",0,.,.
2010,6,"2010-06-01","AQUE","AQUE",0,.,.
2010,6,"2010-06-04","MOHK","MOHK",0,.,.
2010,6,"2010-06-04","MOHK","MOHK",0,.,.
2010,6,"2010-06-07","SCDI","SCDI",0,.,.
2010,6,"2010-06-07","SCTW","SCTW",0,.,.
2010,6,"2010-06-09","CARP","CARP",0,.,.
2010,6,"2010-06-09","CARP","CARP",0,.,.
2010,6,"2010-06-10","MOHK","MOHK",0,.,.
2010,6,"2010-06-10","MOHK","MOHK",0,.,.
2010,6,"2010-06-11","NAPL","NAPL",0,.,.
2010,6,"2010-06-11","NAPL","NAPL",0,.,.
2010,6,"2010-06-14","MOHK","MOHK",0,.,.
2010,6,"2010-06-14","MOHK","MOHK",0,.,.
2010,6,"2010-06-15","AQUE","AQUE",0,.,.
2010,6,"2010-06-15","AQUE","AQUE",0,.,.
2010,6,"2010-06-17","NAPL","NAPL",0,.,.
2010,6,"2010-06-17","NAPL","NAPL",0,.,.
2010,6,"2010-06-22","AHND","AHND",1,"RAFTING","IN KELP BED"
2010,6,"2010-06-22","AHND","AHND",1,"RAFTING",.
2010,6,"2010-06-22","AQUE","AQUE",0,.,.
2010,6,"2010-06-22","BULL","BULL",0,.,.
2010,6,"2010-06-23","GOLB","GOLB",0,.,.
2010,6,"2010-06-23","GOLB","GOLB",0,.,.
2010,6,"2010-06-24","IVEE","IVEE",0,.,.
2010,6,"2010-06-24","IVEE","IVEE",0,.,.
2010,6,"2010-06-28","CARP","CARP",0,.,.
2010,6,"2010-06-28","CARP","CARP",0,.,.
2010,7,"2010-07-01","ABUR","ABUR",0,.,.
2010,7,"2010-07-01","ABUR","ABUR",0,.,.
2010,7,"2010-07-01","MOHK","MOHK",0,.,.
2010,7,"2010-07-02","MOHK","MOHK",0,.,.
2010,7,"2010-07-02","MOHK","MOHK",0,.,.
2010,7,"2010-07-06","CARP","CARP",0,.,.
2010,7,"2010-07-06","CARP","CARP",0,.,.
2010,7,"2010-07-07","AQUE","AQUE",0,.,.
2010,7,"2010-07-07","AQUE","AQUE",0,.,.
2010,7,"2010-07-09","NAPL","NAPL",0,.,.
2010,7,"2010-07-09","NAPL","NAPL",0,.,.
2010,7,"2010-07-13","IVEE","IVEE",1,"RAFTING",.
2010,7,"2010-07-13","IVEE","IVEE",1,"RAFTING",.
2010,7,"2010-07-13","NAPL","NAPL",0,.,.
2010,7,"2010-07-16","MOHK","MOHK",0,.,.
2010,7,"2010-07-16","MOHK","MOHK",0,.,.
2010,7,"2010-07-19","CARP","CARP",0,.,.
2010,7,"2010-07-19","CARP","CARP",0,.,.
2010,7,"2010-07-20","ABUR","ABUR",0,.,.
2010,7,"2010-07-20","ABUR","ABUR",0,.,.
2010,7,"2010-07-20","IVEE","IVEE",0,.,.
2010,7,"2010-07-20","ABUR","ABUR",0,.,.
2010,7,"2010-07-20","GOLB","GOLB",0,.,.
2010,7,"2010-07-20","GOLB","GOLB",0,.,.
2010,7,"2010-07-21","CARP","CARP",0,.,.
2010,7,"2010-07-21","CARP","CARP",0,.,.
2010,7,"2010-07-21","CARP","CARP",0,.,.
2010,7,"2010-07-22","AQUE","AQUE",0,.,.
2010,7,"2010-07-22","AQUE","AQUE",0,.,.
2010,7,"2010-07-22","AQUE","AQUE",0,.,.
2010,7,"2010-07-22","IVEE","IVEE",0,.,.
2010,7,"2010-07-23","MOHK","MOHK",0,.,.
2010,7,"2010-07-23","MOHK","MOHK",0,.,.
2010,7,"2010-07-23","MOHK","MOHK",0,.,.
2010,7,"2010-07-26","BULL","BULL",0,.,.
2010,7,"2010-07-26","BULL","BULL",0,.,.
2010,7,"2010-07-26","AHND","AHND",0,.,.
2010,7,"2010-07-26","AHND","AHND",0,.,.
2010,7,"2010-07-27","NAPL","NAPL",0,.,.
2010,7,"2010-07-27","NAPL","NAPL",0,.,.
2010,7,"2010-07-27","NAPL","NAPL",0,.,.
2010,7,"2010-07-27","NAPL","NAPL",0,.,.
2010,7,"2010-07-28","NAPL","NAPL",0,.,.
2010,7,"2010-07-28","NAPL","NAPL",0,.,.
2010,7,"2010-07-28","NAPL","NAPL",0,.,.
2010,7,"2010-07-29","SCDI","SCDI",0,.,.
2010,7,"2010-07-29","SCDI","SCDI",0,.,.
2010,7,"2010-07-29","SCDI","SCDI",0,.,.
2010,7,"2010-07-29","SCTW","SCTW",0,.,.
2010,7,"2010-07-29","SCTW","SCTW",0,.,.
2010,8,"2010-08-04","MOHK","MOHK",0,.,.
2010,8,"2010-08-04","MOHK","MOHK",0,.,.
2010,8,"2010-08-05","ABUR","ABUR",0,.,.
2010,8,"2010-08-05","ABUR","ABUR",0,.,.
2010,8,"2010-08-09","AQUE","AQUE",0,.,.
2010,8,"2010-08-09","AQUE","AQUE",0,.,.
2010,8,"2010-08-09","NAPL","NAPL",0,.,.
2010,8,"2010-08-16","AHND","AHND",0,.,.
2010,8,"2010-08-16","AHND","AHND",0,.,.
2010,8,"2010-08-16","NAPL","NAPL",0,.,.
2010,8,"2010-08-17","AQUE","AQUE",0,.,.
2010,8,"2010-08-17","AQUE","AQUE",0,.,.
2010,8,"2010-08-17","MOHK","MOHK",0,.,.
2010,8,"2010-08-17","MOHK","MOHK",0,.,.
2010,8,"2010-08-19","ABUR","ABUR",0,.,.
2010,8,"2010-08-19","ABUR","ABUR",0,.,.
2010,8,"2010-08-19","GOLB","GOLB",0,.,.
2010,8,"2010-08-19","GOLB","GOLB",0,.,.
2010,8,"2010-08-25","CARP","CARP",0,.,.
2010,8,"2010-08-25","CARP","CARP",0,.,.
2010,9,"2010-09-01","ABUR","ABUR",0,.,.
2010,9,"2010-09-01","MOHK","MOHK",0,.,.
2010,9,"2010-09-03","CARP","CARP",0,.,.
2010,9,"2010-09-07","MOHK","MOHK",0,.,.
2010,9,"2010-09-07","NAPL","NAPL",0,.,.
2010,9,"2010-09-08","MOHK","MOHK",0,.,.
2010,9,"2010-09-09","AQUE","AQUE",0,.,.
2010,9,"2010-09-21","NAPL","NAPL",0,.,.
2010,9,"2010-09-24","SCDI","DIABLO",0,.,.
2010,9,"2010-09-24","SCDI","FRY'S 1",0,.,.
2010,9,"2010-09-24","SCDI","FRY'S 2",0,.,.
2010,9,"2010-09-24","SCDI","FRY'S 3",0,.,.
2010,9,"2010-09-27","SCDI","BC 1",0,.,.
2010,9,"2010-09-27","SCDI","BC 2",0,.,.
2010,9,"2010-09-27","SCDI","BC POINT",0,.,.
2010,10,"2010-10-04","MOHK","MOHK",0,.,.
2010,10,"2010-10-07","SCDI","FERN 1",0,.,.
2010,10,"2010-10-07","SCDI","FERN O",0,.,.
2010,10,"2010-10-07","SCTW","TWIN W",0,.,.
2010,10,"2010-10-07","SCTW","TWIN E",0,.,.
2010,10,"2010-10-08","AQUE","AQUE",0,.,.
2010,10,"2010-10-11","ABUR","ABUR",0,.,.
2010,10,"2010-10-11","ABUR","ABUR",0,.,.
2010,10,"2010-10-11","MOHK","MOHK",0,.,.
2010,10,"2010-10-12","NAPL","NAPL",0,.,.
2010,10,"2010-10-13","AQUE","AQUE",0,.,.
2010,10,"2010-10-14","CARP","CARP",0,.,.
2010,10,"2010-10-20","SCDI","BC 1",0,.,.
2010,10,"2010-10-29","AQUE","AQUE",0,.,.
2010,10,"2010-10-29","MOHK","MOHK",0,.,.
2010,11,"2010-11-01","ABUR","ABUR",0,.,.
2010,11,"2010-11-02","AQUE","AQUE",0,.,.
2010,11,"2010-11-05","MOHK","MOHK",0,.,.
2010,11,"2010-11-16","SCDI","DIABLO",0,.,.
2010,11,"2010-11-17","NAPL","NAPL",0,.,.
2010,11,"2010-11-18","MOHK","MOHK",0,.,.
2010,11,"2010-11-19","AQUE","AQUE",0,.,.
2010,11,"2010-11-30","SCDI","FRY'S 1",0,.,.
2010,11,"2010-11-30","SCDI","FRY'S 2",0,.,.
2010,11,"2010-11-30","SCDI","FRY'S 3",0,.,.
2010,11,"2010-11-30","SCDI","DIABLO",0,.,.
2010,11,"2010-11-30","SCDI","FERN 1",0,.,.
2010,11,"2010-11-30","SCDI","FERN O",0,.,.
2010,11,"2010-11-30","SCDI","BC 1",0,.,.
2010,11,"2010-11-30","SCDI","BC 2",0,.,.
2010,11,"2010-11-30","SCDI","BC POINT",0,.,.
2010,11,"2010-11-30","SCTW","TWIN E",0,.,.
2010,11,"2010-11-30","SCTW","TWIN W",0,.,.
2010,12,"2010-12-01","SCDI","DIABLO",0,.,.
2010,12,"2010-12-07","AQUE","AQUE",0,.,.
2010,12,"2010-12-14","NAPL","NAPL",0,.,.
2010,12,"2010-12-14","IVEE","IVEE",0,.,.
2010,12,"2010-12-14","GOLB","GOLB",0,.,.
2011,1,"2011-01-04","MOHK","MOHK",0,.,.
2011,1,"2011-01-07","MOHK","MOHK",0,.,.
2011,1,"2011-01-10","NAPL","NAPL",0,.,.
2011,1,"2011-01-11","AQUE","AQUE",0,.,.
2011,1,"2011-01-12","MOHK","MOHK",0,.,.
2011,1,"2011-01-21","BULL","BULL",0,.,.
2011,1,"2011-01-21","ALE","ALEGRIA",0,.,.
2011,1,"2011-01-21","AHND","AHND",0,.,.
2011,1,"2011-01-27","SCDI","DIABLO",0,.,.
2011,1,"2011-01-27","SCTW","TWIN W",0,.,.
2011,2,"2011-02-01","AQUE","AQUE",0,.,.
2011,2,"2011-02-22","NAPL","NAPL",0,.,.
2011,2,"2011-02-28","NAPL","NAPL",0,.,.
2011,3,"2011-03-01","MOHK","MOHK",0,.,.
2011,3,"2011-03-03","AQUE","AQUE",0,.,.
2011,3,"2011-03-03","NAPL","NAPL",0,.,.
2011,3,"2011-03-04","ABUR","ABUR",0,.,.
2011,3,"2011-03-04","MOHK","MOHK",0,.,.
2011,3,"2011-03-11","CARP","CARP",0,.,.
2011,3,"2011-03-31","ABUR","ABUR",0,.,.
2011,3,"2011-03-31","CARP","CARP",0,.,.
2011,4,"2011-04-01","MOHK","MOHK",0,.,.
2011,4,"2011-04-04","AQUE","AQUE",0,.,.
2011,4,"2011-04-07","CARP","CARP",0,.,.
2011,4,"2011-04-12","MOHK","MOHK",0,.,.
2011,4,"2011-04-13","AQUE","AQUE",0,.,.
2011,4,"2011-04-14","CARP","CARP",0,.,.
2011,4,"2011-04-15","NAPL","NAPL",0,.,.
2011,4,"2011-04-21","ABUR","ABUR",0,.,.
2011,4,"2011-04-27","CARP","CARP",0,.,.
2011,4,"2011-04-28","MOHK","MOHK",0,.,.
2011,5,"2011-05-02","MOHK","MOHK",0,.,.
2011,5,"2011-05-02","ABUR","ABUR",0,.,.
2011,5,"2011-05-04","AQUE","AQUE",0,.,.
2011,5,"2011-05-04","GOLB","GOLB",0,.,.
2011,5,"2011-05-25","NAPL","NAPL",0,.,.
2011,5,"2011-05-26","MOHK","MOHK",0,.,.
2011,5,"2011-05-31","CARP","CARP",0,.,.
2011,6,"2011-06-01","AQUE","AQUE",0,.,.
2011,6,"2011-06-02","MOHK","MOHK",0,.,.
2011,6,"2011-06-07","ABUR","ABUR",0,.,.
2011,6,"2011-06-07","MOHK","MOHK",0,.,.
2011,6,"2011-06-08","AQUE","AQUE",0,.,.
2011,6,"2011-06-14","NAPL","NAPL",0,.,.
2011,6,"2011-06-15","CARP","CARP",0,.,.
2011,6,"2011-06-16","NAPL","NAPL",0,.,.
2011,6,"2011-06-16","IVEE","IVEE",0,.,.
2011,6,"2011-06-17","GOLB","GOLB",0,.,.
2011,6,"2011-06-17","OTHER","OTHER",0,.,.
2011,6,"2011-06-22","BULL","BULL",0,.,.
2011,6,"2011-06-22","AHND","AHND",0,.,.
2011,6,"2011-06-23","GOLB","GOLB",0,.,.
2011,6,"2011-06-28","GOLB","GOLB",0,.,.
2011,6,"2011-06-29","AQUE","AQUE",0,.,.
2011,6,"2011-06-29","MOHK","MOHK",0,.,.
2011,6,"2011-06-30","GOLB","GOLB",0,.,.
2011,7,"2011-07-01","GOLB","GOLB",0,.,.
2011,7,"2011-07-07","MOHK","MOHK",0,.,.
2011,7,"2011-07-07","ABUR","ABUR",0,.,.
2011,7,"2011-07-08","AQUE","AQUE",0,.,.
2011,7,"2011-07-14","GOLB","GOLB",0,.,.
2011,7,"2011-07-18","CARP","CARP",0,.,.
2011,7,"2011-07-18","CARP","CARP",0,.,.
2011,7,"2011-07-19","NAPL","NAPL",0,.,.
2011,7,"2011-07-19","NAPL","NAPL",0,.,.
2011,7,"2011-07-20","MOHK","MOHK",0,.,.
2011,7,"2011-07-20","ABUR","ABUR",0,.,.
2011,7,"2011-07-20","MOHK","MOHK",0,.,.
2011,7,"2011-07-21","NAPL","NAPL",0,.,.
2011,7,"2011-07-21","AQUE","AQUE",0,.,.
2011,7,"2011-07-22","AQUE","AQUE",0,.,.
2011,7,"2011-07-22","CARP","CARP",0,.,.
2011,7,"2011-07-25","BULL","BULL",0,.,.
2011,7,"2011-07-25","AQUE","AQUE",0,.,.
2011,7,"2011-07-25","BULL","BULL",0,.,.
2011,7,"2011-07-25","AHND","AHND",0,.,.
2011,7,"2011-07-26","SCTW","TWIN W",0,.,.
2011,7,"2011-07-26","SCDI","DIABLO",0,.,.
2011,7,"2011-07-26","IVEE","IVEE",0,.,.
2011,7,"2011-07-26","GOLB","GOLB",0,.,.
2011,7,"2011-07-27","SCTW","SCTW",0,.,.
2011,8,"2011-08-02","GOLB","GOLB",0,.,.
2011,8,"2011-08-03","ABUR","ABUR",0,.,.
2011,8,"2011-08-03","MOHK","MOHK",0,.,.
2011,8,"2011-08-08","GOLB","GOLB",0,.,.
2011,8,"2011-08-17","SCDI","BC 1",0,.,.
2011,8,"2011-08-17","SCDI","BC 2",0,.,.
2011,8,"2011-08-17","SCDI","BC POINT",0,.,.
2011,8,"2011-08-18","SCTW","TWIN E",0,.,.
2011,8,"2011-08-18","SCTW","TWIN W",0,.,.
2011,8,"2011-08-22","AQUE","AQUE",0,.,.
2011,8,"2011-08-22","MOHK","MOHK",0,.,.
2011,8,"2011-08-23","SCDI","DIABLO",0,.,.
2011,8,"2011-08-23","SCDI","FERN 1",0,.,.
2011,8,"2011-08-23","SCDI","FERN O",0,.,.
2011,8,"2011-08-25","MOHK","MOHK",0,.,.
2011,8,"2011-08-25","MOHK","MOHK",0,.,.
2011,8,"2011-08-30","SCDI","FRY'S 1",0,.,.
2011,8,"2011-08-30","SCDI","FRY'S 2",0,.,.
2011,8,"2011-08-30","SCDI","FRY'S 3",0,.,.
2011,8,"2011-08-31","CARP","CARP",0,.,.
2011,9,"2011-09-06","MOHK","MOHK",0,.,.
2011,9,"2011-09-06","ABUR","ABUR",0,.,.
2011,9,"2011-09-07","AQUE","AQUE",0,.,.
2011,9,"2011-09-08","NAPL","NAPL",0,.,.
2011,9,"2011-09-09","MOHK","MOHK",0,.,.
2011,9,"2011-09-13","GOLB","GOLB",0,.,.
2011,9,"2011-09-14","GOLB","GOLB",0,.,.
2011,9,"2011-09-21","SCTW","SCI",0,.,.
2011,9,"2011-09-26","NAPL","NAPL",0,.,.
2011,9,"2011-09-27","SCTW","TWIN W",0,.,.
2011,10,"2011-10-03","MOHK","MOHK",0,.,.
2011,10,"2011-10-04","ABUR","ABUR",0,.,.
2011,10,"2011-10-04","IVEE","DEVEREAUX",0,.,.
2011,10,"2011-10-07","AQUE","AQUE",0,.,.
2011,10,"2011-10-07","IVEE","IVEE",0,.,.
2011,10,"2011-10-11","SCTW","SCI",0,.,.
2011,10,"2011-10-13","IVEE","IVEE",0,.,.
2011,10,"2011-10-14","IVEE","IVEE",0,.,.
2011,10,"2011-10-17","CARP","CARP",0,.,.
2011,10,"2011-10-18","SCTW","SCI",0,.,.
2011,10,"2011-10-19","MOHK","MOHK",0,.,.
2011,10,"2011-10-20","AQUE","AQUE",0,.,.
2011,10,"2011-10-20","NAPL","NAPL",0,.,.
2011,10,"2011-10-21","CARP","CARP",0,.,.
2011,10,"2011-10-24","GOLB","GOLB",0,.,.
2011,10,"2011-10-25","NAPL","NAPL",0,.,.
2011,10,"2011-10-26","IVEE","IVEE",1,"RAFTING",.
2011,10,"2011-10-27","IVEE","IVEE",0,.,.
2011,10,"2011-10-28","IVEE","IVEE",0,.,.
2011,10,"2011-10-28","GOLB","GOLB",0,.,.
2011,10,"2011-10-30","GOLB","GOLB",0,.,.
2011,11,"2011-11-01","ABUR","ABUR",0,.,.
2011,11,"2011-11-01","MOHK","MOHK",0,.,.
2011,11,"2011-11-02","AQUE","AQUE",0,.,.
2011,11,"2011-11-17","GOLB","GOLB",0,.,.
2011,11,"2011-11-18","ABUR","ABUR",0,.,.
2011,11,"2011-11-28","CARP","CARP",0,.,.
2011,11,"2011-11-29","MOHK","MOHK",0,.,.
2011,11,"2011-11-30","NAPL","NAPL",0,.,.
2011,12,"2011-12-05","ABUR","ABUR",0,.,.
2011,12,"2011-12-05","GOLB","GOLB",0,.,.
2011,12,"2011-12-08","AQUE","AQUE",0,.,.
2011,12,"2011-12-16","MOHK","MOHK",0,.,.
2011,12,"2011-12-20","ABUR","ABUR",0,.,.
2011,12,"2011-12-21","ABUR","ABUR",0,.,.
2011,12,"2011-12-21","MOHK","MOHK",0,.,.
2011,12,"2011-12-22","ABUR","ABUR",0,.,.
2012,1,"2012-01-05","AQUE","AQUE",0,.,.
2012,1,"2012-01-05","NAPL","NAPL",0,.,.
2012,1,"2012-01-10","MOHK","MOHK",0,.,.
2012,1,"2012-01-11","ABUR","ABUR",0,.,.
2012,1,"2012-01-17","CARP","CARP",0,.,.
2012,1,"2012-01-18","NAPL","NAPL",0,.,.
2012,1,"2012-01-19","NAPL","NAPL",0,.,.
2012,1,"2012-01-19","IVEE","IVEE",0,.,.
2012,1,"2012-01-20","IVEE","IVEE",0,.,.
2012,1,"2012-01-20","GOLB","GOLB",0,.,.
2012,1,"2012-01-25","MOHK","MOHK",0,.,.
2012,1,"2012-01-30","ABUR","ABUR",0,.,.
2012,1,"2012-01-30","MOHK","MOHK",0,.,.
2012,1,"2012-01-31","ABUR","ABUR",0,.,.
2012,1,"2012-01-31","MOHK","MOHK",0,.,.
2012,2,"2012-02-01","AQUE","AQUE",1,"RAFTING",.
2012,2,"2012-02-06","ABUR","ABUR",0,.,.
2012,2,"2012-02-06","MOHK","MOHK",0,.,.
2012,2,"2012-02-14","MOHK","MOHK",0,.,.
2012,2,"2012-02-14","ABUR","ABUR",0,.,.
2012,2,"2012-02-15","MOHK","MOHK",0,.,.
2012,2,"2012-02-15","ABUR","ABUR",0,.,.
2012,2,"2012-02-22","BULL","BULL",1,"RAFTING",.
2012,2,"2012-02-22","AHND","AHND",1,"RAFTING",.
2012,2,"2012-02-22","AQUE","AQUE",1,"RAFTING",.
2012,2,"2012-02-23","MOHK","MOHK",0,.,.
2012,2,"2012-02-24","SCTW","SCTW",0,.,.
2012,2,"2012-02-24","SCDI","SCDI",0,.,.
2012,3,"2012-03-05","ABUR","ABUR",0,.,.
2012,3,"2012-03-08","MOHK","MOHK",0,.,.
2012,3,"2012-03-09","AQUE","AQUE",0,.,.
2012,3,"2012-03-13","NAPL","NAPL",0,.,.
2012,3,"2012-03-14","CARP","CARP",0,.,.
2012,3,"2012-03-15","MOHK","MOHK",0,.,.
2012,3,"2012-03-22","AQUE","AQUE",0,.,.
2012,3,"2012-03-22","IVEE","IVEE",0,.,.
2012,4,"2012-04-02","CARP","CARP",0,.,.
2012,4,"2012-04-03","ABUR","ABUR",0,.,.
2012,4,"2012-04-04","NAPL","NAPL",0,.,.
2012,4,"2012-04-04","AQUE","AQUE",0,.,.
2012,4,"2012-04-06","MOHK","MOHK",0,.,.
2012,4,"2012-04-10","MOHK","MOHK",0,.,.
2012,4,"2012-04-13","CARP","CARP",0,.,.
2012,4,"2012-04-16","ABUR","ABUR",0,.,.
2012,4,"2012-04-18","MOHK","MOHK",0,.,.
2012,5,"2012-05-02","ABUR","ABUR",0,.,.
2012,5,"2012-05-03","AQUE","AQUE",0,.,.
2012,5,"2012-05-05","MOHK","MOHK",0,.,.
2012,5,"2012-05-08","NAPL","NAPL",0,.,.
2012,5,"2012-05-09","IVEE","IVEE",0,.,.
2012,5,"2012-05-10","CARP","CARP",0,.,.
2012,5,"2012-05-11","MOHK","MOHK",0,.,.
2012,5,"2012-05-23","CARP","CARP",0,.,.
2012,6,"2012-06-01","MOHK","MOHK",0,.,.
2012,6,"2012-06-07","ABUR","ABUR",0,.,.
2012,6,"2012-06-19","IVEE","IVEE",0,.,.
2012,6,"2012-06-20","NAPL","NAPL",0,.,.
2012,6,"2012-06-21","MOHK","MOHK",0,.,.
2012,6,"2012-06-22","AQUE","AQUE",0,.,.
2012,6,"2012-06-26","GOLB","GOLB",0,.,.
2012,6,"2012-06-29","MOHK","MOHK",0,.,.
2012,6,"2012-06-29","CARP","CARP",0,.,.
2012,7,"2012-07-02","MOHK","MOHK",0,.,.
2012,7,"2012-07-03","ABUR","ABUR",0,.,.
2012,7,"2012-07-03","MOHK","MOHK",0,.,.
2012,7,"2012-07-03","GOLB","GOLB",0,.,.
2012,7,"2012-07-06","SCTW","SCI",0,.,.
2012,7,"2012-07-06","SCTW","SCI",0,.,.
2012,7,"2012-07-06","SCTW","SCTW",0,.,.
2012,7,"2012-07-06","SCDI","DIABLO",0,.,.
2012,7,"2012-07-10","NAPL","NAPL",0,.,.
2012,7,"2012-07-10","AQUE","AQUE",0,.,.
2012,7,"2012-07-12","CARP","CARP",0,.,.
2012,7,"2012-07-13","NAPL","NAPL",0,.,.
2012,7,"2012-07-16","IVEE","IVEE",0,.,.
2012,7,"2012-07-17","ABUR","ABUR",0,.,.
2012,7,"2012-07-17","MOHK","MOHK",0,.,.
2012,7,"2012-07-18","NAPL","NAPL",0,.,.
2012,7,"2012-07-18","NAPL","NAPL",0,.,.
2012,7,"2012-07-19","IVEE","IVEE",0,.,.
2012,7,"2012-07-19","GOLB","GOLB",0,.,.
2012,7,"2012-07-19","IVEE","IVEE",0,.,.
2012,7,"2012-07-20","CARP","CARP",0,.,.
2012,7,"2012-07-20","CARP","CARP",0,.,.
2012,7,"2012-07-23","SCTW","SCI",0,.,.
2012,7,"2012-07-23","SCTW","SCTW",0,.,.
2012,7,"2012-07-23","SCDI","SCDI",0,.,.
2012,7,"2012-07-24","BULL","BULL",4,"RAFTING",.
2012,7,"2012-07-24","AHND","AHND",4,"RAFTING",.
2012,7,"2012-07-25","AQUE","AQUE",0,.,.
2012,7,"2012-07-25","AQUE","AQUE",0,.,.
2012,7,"2012-07-26","IVEE","IVEE",0,.,.
2012,7,"2012-07-31","IVEE","IVEE",0,.,.
2012,8,"2012-08-02","IVEE","IVEE",0,.,.
2012,8,"2012-08-03","MOHK","MOHK",0,.,.
2012,8,"2012-08-08","AQUE","AQUE",0,.,.
2012,8,"2012-08-09","MOHK","MOHK",0,.,.
2012,8,"2012-08-10","IVEE","IVEE",0,.,.
2012,8,"2012-08-14","IVEE","IVEE",0,.,.
2012,8,"2012-08-14","GOLB","GOLB",0,.,.
2012,8,"2012-08-15","CARP","CARP",0,.,.
2012,8,"2012-08-16","NAPL","NAPL",0,.,.
2012,8,"2012-08-16","GOLB","GOLB",0,.,.
2012,8,"2012-08-20","GOLB","GOLETA PIPE",0,.,.
2012,8,"2012-08-20","IVEE","IVEE",0,.,.
2012,8,"2012-08-20","GOLB","GOLETA PIPE",0,.,.
2012,8,"2012-08-21","IVEE","IVEE",0,.,.
2012,8,"2012-08-22","NAPL","NAPL",0,.,.
2012,8,"2012-08-22","NAPL","NAPL",0,.,.
2012,8,"2012-08-24","AQUE","AQUE",0,.,.
2012,8,"2012-08-24","AQUE","AQUE",0,.,.
2012,8,"2012-08-27","CARP","CARP",0,.,.
2012,8,"2012-08-27","CARP","CARP",0,.,.
2012,8,"2012-08-29","MOHK","MOHK",0,.,.
2012,8,"2012-08-30","IVEE","IVEE",0,.,.
2012,9,"2012-09-04","IVEE","IVEE",0,.,.
2012,9,"2012-09-05","CARP","CARP",0,.,.
2012,9,"2012-09-06","MOHK","MOHK",0,.,.
2012,9,"2012-09-06","ABUR","ABUR",0,.,.
2012,9,"2012-09-07","AQUE","AQUE",0,.,.
2012,9,"2012-09-11","SCDI","FERN O",0,.,.
2012,9,"2012-09-11","SCDI","FERN 1",0,.,.
2012,9,"2012-09-11","SCDI","DIABLO",0,.,.
2012,9,"2012-09-13","SCDI","FRY'S 1",0,.,.
2012,9,"2012-09-13","SCDI","FRY'S 2",0,.,.
2012,9,"2012-09-13","SCDI","FRY'S 3",0,.,.
2012,9,"2012-09-17","SCDI","BC POINT",0,.,.
2012,9,"2012-09-17","SCDI","BC 1",0,.,.
2012,9,"2012-09-17","SCDI","BC 2",0,.,.
2012,9,"2012-09-19","SCTW","TWIN W",0,.,.
2012,9,"2012-09-19","SCTW","TWIN E",0,.,.
2012,9,"2012-09-21","IVEE","IVEE",0,.,.
2012,9,"2012-09-24","MOHK","MOHK",0,.,.
2012,9,"2012-09-25","IVEE","IVEE",0,.,.
2012,9,"2012-09-25","NAPL","NAPL",0,.,.
2012,9,"2012-09-26","AQUE","AQUE",0,.,.
2012,9,"2012-09-26","NAPL","NAPL",0,.,.
2012,10,"2012-10-02","CARP","CARP",0,.,.
2012,10,"2012-10-03","AQUE","AQUE",0,.,.
2012,10,"2012-10-10","MOHK","MOHK",0,.,.
2012,10,"2012-10-10","ABUR","ABUR",0,.,.
2012,10,"2012-10-11","IVEE","IVEE",0,.,.
2012,10,"2012-10-12","AQUE","AQUE",0,.,.
2012,10,"2012-10-12","NAPL","NAPL",0,.,.
2012,10,"2012-10-16","SCDI","BC 1",0,.,.
2012,10,"2012-10-19","SCDI","DIABLO",0,.,.
2012,10,"2012-10-21","IVEE","IVEE",0,.,.
2012,10,"2012-10-22","MOHK","MOHK",0,.,.
2012,10,"2012-10-30","SCDI","DIABLO",0,.,.
2012,10,"2012-10-30","SCDI","FRY'S 1",0,.,.
2012,10,"2012-10-30","SCDI","FRY'S 2",0,.,.
2012,10,"2012-10-30","SCDI","FRY'S 3",0,.,.
2012,10,"2012-10-30","SCDI","FERN 1",0,.,.
2012,10,"2012-10-30","SCDI","FERN O",0,.,.
2012,10,"2012-10-30","SCDI","BC 1",0,.,.
2012,10,"2012-10-30","SCDI","BC 2",0,.,.
2012,10,"2012-10-31","SCTW","TWIN W",0,.,.
2012,10,"2012-10-31","SCTW","TWIN E",0,.,.
2012,11,"2012-11-05","MOHK","MOHK",0,.,.
2012,11,"2012-11-05","ABUR","ABUR",0,.,.
2012,11,"2012-11-06","NAPL","NAPL",0,.,.
2012,11,"2012-11-06","IVEE","IVEE",0,.,.
2012,11,"2012-11-07","CARP","CARP",0,.,.
2012,11,"2012-11-13","AQUE","AQUE",0,.,.
2012,11,"2012-11-14","OTHER","SAN MIGUEL",0,.,.
2012,11,"2012-11-15","MOHK","MOHK",0,.,.
2012,11,"2012-11-27","ABUR","ABUR",0,.,.
2012,11,"2012-11-27","MOHK","MOHK",0,.,.
2012,12,"2012-12-11","AQUE","AQUE",0,.,.
2013,1,"2013-01-03","MOHK","MOHK",0,.,.
2013,1,"2013-01-03","ABUR","ABUR",0,.,.
2013,1,"2013-01-08","CARP","CARP",0,.,.
2013,1,"2013-01-09","AQUE","AQUE",0,.,.
2013,1,"2013-01-14","CARP","CARP",0,.,.
2013,1,"2013-01-15","ABUR","ABUR",0,.,.
2013,1,"2013-01-15","MOHK","MOHK",0,.,.
2013,1,"2013-01-17","BULL","BULL",0,.,.
2013,1,"2013-01-17","AHND","AHND",0,.,.
2013,1,"2013-01-17","AQUE","AQUE",0,.,.
2013,1,"2013-01-22","NAPL","NAPL",0,.,.
2013,1,"2013-01-22","IVEE","IVEE",0,.,.
2013,1,"2013-01-22","GOLB","GOLB",0,.,.
2013,1,"2013-01-29","MOHK","MOHK",0,.,.
2013,1,"2013-01-30","SCTW","SCTW",0,.,.
2013,1,"2013-01-30","SCDI","DIABLO",0,.,.
2013,1,"2013-01-31","MOHK","MOHK",0,.,.
2013,2,"2013-02-07","AQUE","AQUE",0,.,.
2013,2,"2013-02-11","MOHK","MOHK",0,.,.
2013,2,"2013-02-11","ABUR","ABUR",0,.,.
2013,2,"2013-02-12","NAPL","NAPL",0,.,.
2013,2,"2013-02-13","AQUE","AQUE",0,.,.
2013,2,"2013-02-14","CARP","CARP",0,.,.
2013,2,"2013-02-21","IVEE","IVEE",0,.,.
2013,3,"2013-03-11","AQUE","AQUE",0,.,.
2013,3,"2013-03-12","ABUR","ABUR",0,.,.
2013,3,"2013-03-15","MOHK","MOHK",0,.,.
2013,3,"2013-03-27","ABUR","ABUR",0,.,.
2013,3,"2013-03-27","MOHK","MOHK",0,.,.
2013,4,"2013-04-02","ABUR","ABUR",0,.,.
2013,4,"2013-04-04","IVEE","IVEE",0,.,.
2013,4,"2013-04-04","MOHK","MOHK",0,.,.
2013,4,"2013-04-10","AQUE","AQUE",0,.,.
2013,4,"2013-04-18","CARP","CARP",0,.,.
2013,4,"2013-04-23","MOHK","MOHK",0,.,.
2013,4,"2013-04-24","MOHK","MOHK",0,.,.
2013,4,"2013-04-30","NAPL","NAPL",0,.,.
2013,5,"2013-05-01","MOHK","MOHK",0,.,.
2013,5,"2013-05-02","MOHK","MOHK",0,.,.
2013,5,"2013-05-02","ABUR","ABUR",0,.,.
2013,5,"2013-05-07","MOHK","MOHK",0,.,.
2013,5,"2013-05-09","AQUE","AQUE",0,.,.
2013,5,"2013-05-14","CARP","CARP",0,.,.
2013,5,"2013-05-14","MOHK","MOHK",0,.,.
2013,5,"2013-05-14","IVEE","IVEE",0,.,.
2013,5,"2013-05-15","NAPL","NAPL",0,.,.
2013,5,"2013-05-20","CARP","CARP",0,.,.
2013,5,"2013-05-21","AQUE","AQUE",0,.,.
2013,5,"2013-05-22","MOHK","MOHK",0,.,.
2013,5,"2013-05-30","NAPL","NAPL",0,.,.
2013,6,"2013-06-04","MOHK","MOHK",0,.,.
2013,6,"2013-06-05","ABUR","ABUR",0,.,.
2013,6,"2013-06-10","AQUE","AQUE",0,.,.
2013,6,"2013-06-18","ABUR","ABUR",0,.,.
2013,7,"2013-07-01","MOHK","MOHK",0,.,.
2013,7,"2013-07-02","AQUE","AQUE",0,.,.
2013,7,"2013-07-03","ABUR","ABUR",0,.,.
2013,7,"2013-07-03","GOLB","GOLB",0,.,.
2013,7,"2013-07-03","IVEE","IVEE",0,.,.
2013,7,"2013-07-09","OTHER","PATCH 190 (34 26.8",1,.,.
2013,7,"2013-07-09","OTHER","PATCH 189 (34 26.6",9,.,.
2013,7,"2013-07-10","AQUE","AQUE",0,.,.
2013,7,"2013-07-17","CARP","CARP",0,.,.
2013,7,"2013-07-22","CARP","CARP",0,.,.
2013,7,"2013-07-22","CARP","CARP",0,.,.
2013,7,"2013-07-23","ABUR","ABUR",0,.,.
2013,7,"2013-07-23","MOHK","MOHK",0,.,.
2013,7,"2013-07-24","IVEE","IVEE",0,.,.
2013,7,"2013-07-24","IVEE","IVEE",0,.,.
2013,7,"2013-07-24","GOLB","GOLB",0,.,.
2013,7,"2013-07-25","AQUE","AQUE",0,.,.
2013,7,"2013-07-25","AQUE","AQUE",0,.,.
2013,7,"2013-07-26","NAPL","NAPL",0,.,.
2013,7,"2013-07-29","SCTW","SCTW",0,.,.
2013,7,"2013-07-29","SCDI","DIABLO",0,.,.
2013,7,"2013-07-30","BULL","BULL",0,.,.
2013,7,"2013-07-30","BULL","BULL",0,.,.
2013,7,"2013-07-30","AHND","AHND",0,.,.
2013,7,"2013-07-31","NAPL","NAPL",0,.,.
2013,7,"2013-07-31","NAPL","NAPL",0,.,.
2013,8,"2013-08-05","ABUR","ABUR",0,.,.
2013,8,"2013-08-06","MOHK","MOHK",0,.,.
2013,8,"2013-08-08","AQUE","AQUE",0,.,.
2013,8,"2013-08-15","NAPL","NAPL",0,.,.
2013,8,"2013-08-15","IVEE","IVEE",0,.,.
2013,8,"2013-08-16","CARP","CARP",0,.,.
2013,8,"2013-08-19","MOHK","MOHK",0,.,.
2013,8,"2013-08-20","AQUE","AQUE",0,.,.
2013,8,"2013-08-21","IVEE","IVEE",0,.,.
2013,8,"2013-08-21","IVEE","IVEE",0,.,.
2013,8,"2013-08-22","NAPL","NAPL",0,.,.
2013,8,"2013-08-22","NAPL","NAPL",0,.,.
2013,8,"2013-08-23","MOHK","MOHK",0,.,.
2013,8,"2013-08-26","AQUE","AQUE",0,.,.
2013,8,"2013-08-26","AQUE","AQUE",0,.,.
2013,8,"2013-08-27","CARP","CARP",0,.,.
2013,8,"2013-08-27","CARP","CARP",0,.,.
2013,9,"2013-09-03","MOHK","MOHK",0,.,.
2013,9,"2013-09-03","ABUR","ABUR",0,.,.
2013,9,"2013-09-04","AQUE","AQUE",0,.,.
2013,9,"2013-09-10","SCTW","TWIN E",0,.,.
2013,9,"2013-09-10","SCTW","TWIN W",0,.,.
2013,9,"2013-09-10","SCDI","DIABLO",0,.,.
2013,9,"2013-09-16","SCDI","BC POINT",0,.,.
2013,9,"2013-09-16","SCDI","BC 1",0,.,.
2013,9,"2013-09-16","SCDI","FERN O",0,.,.
2013,9,"2013-09-23","SCDI","FERN 1",0,.,.
2013,9,"2013-09-23","SCDI","FRY'S 1",0,.,.
2013,9,"2013-09-23","SCDI","FRY'S 2",0,.,.
2013,9,"2013-09-30","MOHK","MOHK",0,.,.
2013,9,"2013-09-30","ABUR","ABUR",0,.,.
2013,10,"2013-10-04","AQUE","AQUE",0,.,.
2013,10,"2013-10-15","SCTW","TWIN W",0,.,.
2013,10,"2013-10-21","SCDI","BC 1",0,.,.
2013,10,"2013-10-24","CARP","CARP",0,.,.
2013,10,"2013-10-30","SCDI","FRY'S 1",0,.,.
2013,10,"2013-10-30","SCDI","DIABLO",0,.,.
2013,10,"2013-10-30","SCDI","FERN 1",0,.,.
2013,10,"2013-10-30","SCDI","FERN O",0,.,.
2013,10,"2013-10-30","SCDI","BC 1",0,.,.
2013,10,"2013-10-30","SCDI","BC POINT",0,.,.
2013,10,"2013-10-30","SCTW","TWIN E",0,.,.
2013,10,"2013-10-30","SCTW","TWIN W",0,.,.
2013,10,"2013-10-31","SCDI","DIABLO",0,.,.
2013,11,"2013-11-04","ABUR","ABUR",0,.,.
2013,11,"2013-11-05","MOHK","MOHK",0,.,.
2013,11,"2013-11-07","AQUE","AQUE",0,.,.
2013,11,"2013-11-11","GOLB","GOLB",0,.,.
2013,11,"2013-11-12","NAPL","NAPL",0,.,.
2013,11,"2013-11-13","MOHK","MOHK",0,.,.
2013,11,"2013-11-14","IVEE","IVEE",0,.,.
2013,11,"2013-11-15","CARP","CARP",0,.,.
2013,11,"2013-11-18","AQUE","AQUE",0,.,.
2013,11,"2013-11-21","CARP","CARP",0,.,.
2013,12,"2013-12-03","ABUR","ABUR",0,.,.
2013,12,"2013-12-03","MOHK","MOHK",0,.,.
2013,12,"2013-12-06","AQUE","AQUE",0,.,.
2013,12,"2013-12-12","SCDI","FRY'S 1",0,.,.
2013,12,"2013-12-12","SCTW","TWIN W",0,.,.
2014,1,"2014-01-03","ABUR","ABUR",0,.,.
2014,1,"2014-01-07","AQUE","AQUE",0,.,.
2014,1,"2014-01-08","AQUE","Offshore TR1 benthic",1,"Feeding",.
2014,1,"2014-01-13","NAPL","NAPL",0,.,.
2014,1,"2014-01-13","IVEE","IVEE",0,.,.
2014,1,"2014-01-13","GOLB","GOLB",0,.,.
2014,1,"2014-01-16","IVEE","IVEE",0,.,.
2014,1,"2014-01-16","GOLB","GOLB",0,.,.
2014,1,"2014-01-28","CARP","CARP",0,.,.
2014,2,"2014-02-03","MOHK","MOHK",0,.,.
2014,2,"2014-02-04","ABUR","ABUR",0,.,.
2014,2,"2014-02-06","AQUE","AQUE",0,.,.
2014,2,"2014-02-11","MOHK","MOHK",0,.,.
2014,2,"2014-02-11","CARP","CARP",0,.,.
2014,2,"2014-02-12","MOHK","MOHK",0,.,.
2014,2,"2014-02-25","CARP","CARP",0,.,.
2014,3,"2014-03-10","ABUR","ABUR",0,.,.
2014,3,"2014-03-10","MOHK","MOHK",0,.,.
2014,3,"2014-03-12","AQUE","AQUE",0,.,.
2014,3,"2014-03-12","ABUR","ABUR",0,.,.
2014,3,"2014-03-12","MOHK","MOHK",0,.,.
2014,3,"2014-03-19","SCDI","SCDI",0,.,.
2014,3,"2014-03-19","SCTW","Twin W",0,.,.
2014,3,"2014-03-19","Fry's 1","Fry's 1",0,.,.
2014,3,"2014-03-19","SCDI","Diablo",0,.,.
2014,3,"2014-03-19","SCTW","Twin",0,.,.
2014,3,"2014-03-19","SCDI","Fry's",0,.,.
2014,4,"2014-04-03","MOHK","MOHK",0,.,.
2014,4,"2014-04-08","AQUE","AQUE",0,.,.
2014,4,"2014-04-09","IVEE","IVEE",0,.,.
2014,4,"2014-04-09","ABUR","ABUR",0,.,.
2014,4,"2014-04-10","AQUE","AQUE",0,.,.
2014,4,"2014-04-29","CARP","CARP",0,.,.
2014,4,"2014-04-29","ABUR","ABUR",0,.,.
2014,5,"2014-05-01","MOHK","MOHK",0,.,.
2014,5,"2014-05-02","BULL","BULL",0,.,.
2014,5,"2014-05-09","ABUR","ABUR",0,.,.
2014,5,"2014-05-09","MOHK","MOHK",0,.,.
2014,5,"2014-05-14","IVEE","IVEE",0,.,.
2014,5,"2014-05-15","AQUE","AQUE",0,.,.
2014,5,"2014-05-19","MOHK","MOHK",0,.,.
2014,5,"2014-05-20","CARP","CARP",0,.,.
2014,5,"2014-05-21","NAPL","NAPL",0,.,.
2014,6,"2014-06-02","MOHK","MOHK",0,.,.
2014,6,"2014-06-03","ABUR","ABUR",0,.,.
2014,6,"2014-06-06","AQUE","AQUE",0,.,.
2014,7,"2014-07-02","MOHK","MOHK",0,.,.
2014,7,"2014-07-02","ABUR","ABUR",0,.,.
2014,7,"2014-07-08","NAPL","NAPL",0,.,.
2014,7,"2014-07-08","AQUE","AQUE",0,.,.
2014,7,"2014-07-10","NAPL","NAPL",0,.,.
2014,7,"2014-07-16","CARP","CARP",0,.,.
2014,7,"2014-07-16","CARP","CARP",0,.,.
2014,7,"2014-07-17","BULL","BULL",0,.,.
2014,7,"2014-07-17","AHND","AHND",0,.,.
2014,7,"2014-07-17","AHND","ALE",0,.,.
2014,7,"2014-07-18","ABUR","ABUR",0,.,.
2014,7,"2014-07-18","MOHK","MOHK",0,.,.
2014,7,"2014-07-18","GOLB","GOLB",0,.,.
2014,7,"2014-07-18","MOHK","MOHK",0,.,.
2014,7,"2014-07-21","IVEE","IVEE",0,.,.
2014,7,"2014-07-21","IVEE","IVEE",0,.,.
2014,7,"2014-07-22","SCTW","SCTW",0,.,.
2014,7,"2014-07-22","SCDI","SCDI",0,.,.
2014,7,"2014-07-23","AQUE","AQUE",0,.,.
2014,7,"2014-07-23","BULL","BULL",0,.,.
2014,7,"2014-07-24","NAPL","NAPL",0,.,.
2014,7,"2014-07-24","NAPL","NAPL",0,.,.
2014,8,"2014-08-01","CARP","CARP",0,.,.
2014,8,"2014-08-01","MOHK","MOHK",0,.,.
2014,8,"2014-08-04","ABUR","ABUR",0,.,.
2014,8,"2014-08-05","BULL","Near TR1",1,"Feeding",.
2014,8,"2014-08-05","AHND","Gaviota",0,.,.
2014,8,"2014-08-05","AQUE","AQUE",0,.,.
2014,8,"2014-08-07","CARP","CARP",0,.,.
2014,8,"2014-08-14","AQUE","AQUE",0,.,.
2014,8,"2014-08-15","MOHK","MOHK",0,.,.
2014,8,"2014-08-18","CARP","CARP",0,.,.
2014,8,"2014-08-19","NAPL","NAPL",0,.,.
2014,8,"2014-08-20","IVEE","IVEE",0,.,.
2014,8,"2014-08-25","CARP","CARP",0,.,.
2014,8,"2014-08-25","CARP","CARP",0,.,.
2014,8,"2014-08-26","NAPL","NAPL",0,.,.
2014,8,"2014-08-26","NAPL","NAPL",0,.,.
2014,8,"2014-08-27","IVEE","IVEE",0,.,.
2014,8,"2014-08-27","IVEE","IVEE",0,.,.
2014,8,"2014-08-28","MOHK","MOHK",0,.,.
2014,8,"2014-08-29","IVEE","IVEE",0,.,.
2014,9,"2014-09-02","MOHK","MOHK",0,.,.
2014,9,"2014-09-02","IVEE","IVEE",0,.,.
2014,9,"2014-09-05","AQUE","AQUE",0,.,.
2014,9,"2014-09-09","ABUR","ABUR",0,.,.
2014,9,"2014-09-09","MOHK","MOHK",0,.,.
2014,8,"2014-08-28","AQUE","AQUE",0,.,.
2014,8,"2014-08-28","MOHK","MOHK",0,.,.
2014,9,"2014-09-12","AQUE","AQUE",0,.,.
2014,9,"2014-09-15","SCTW","Twin E",0,.,.
2014,9,"2014-09-15","SCTW","Twin W",0,.,.
2014,9,"2014-09-15","BC Point","BC Point",0,.,.
2014,9,"2014-09-22","BC 1","BC 1",0,.,.
2014,9,"2014-09-22","BC 2","BC 2",0,.,.
2014,9,"2014-09-22","Fry's 1","Fry's 1",0,.,.
2014,9,"2014-09-22","Fry's 2","Fry's 2",0,.,.
2014,9,"2014-09-22","Fry's 3","Fry's 3",0,.,.
2014,9,"2014-09-23","Fern 1","Fern 1",0,.,.
2014,9,"2014-09-23","Fern O","Fern O",0,.,.
2014,9,"2014-09-23","SCDI","SCDI",0,.,.
2014,9,"2014-09-29","Fry's 1","Fry's 1",0,.,.
2014,9,"2014-09-29","Fry's 2","Fry's 2",0,.,.
2014,9,"2014-09-29","Fry's 3","Fry's 3",0,.,.
2014,9,"2014-09-29","SCDI","SCDI",0,.,.
2014,9,"2014-09-29","Fern O","Fern O",0,.,.
2014,9,"2014-09-29","Fern 1","Fern 1",0,.,.
2014,9,"2014-09-29","BC 1","BC 1",0,.,.
2014,9,"2014-09-29","BC 2","BC 2",0,.,.
2014,9,"2014-09-29","BC Point","BC Point",0,.,.
2014,9,"2014-09-29","SCTW","Twin W",0,.,.
2014,9,"2014-09-29","SCTW","Twin E",0,.,.
2014,9,"2014-09-30","MOHK","MOHK",0,.,.
2014,10,"2014-10-09","MOHK","MOHK",0,.,.
2014,10,"2014-10-10","AHND","Gaviota",0,.,.
2014,10,"2014-10-10","AQUE","AQUE",0,.,.
2014,10,"2014-10-13","ABUR","ABUR",0,.,.
2014,10,"2014-10-13","MOHK","MOHK",0,.,.
2014,10,"2014-10-23","AHND","ALE",0,.,.
2014,10,"2014-10-23","AQUE","AQUE",0,.,.
2014,10,"2014-10-27","SCTW","SCTW",0,.,.
2014,10,"2014-10-29","SCDI","SCDI",0,.,.
2014,10,"2014-10-30","BC 1","BC 1",0,.,.
2014,11,"2014-11-04","MOHK","MOHK",0,.,.
2014,11,"2014-11-10","ABUR","ABUR",0,.,.
2014,11,"2014-11-13","AQUE","AQUE",0,.,.
2014,11,"2014-11-14","NAPL","NAPL",0,.,.
2014,11,"2014-11-17","CARP","CARP",0,.,.
2014,11,"2014-11-18","MOHK","MOHK",0,.,.
2014,11,"2014-11-19","IVEE","IVEE",0,.,.
2014,11,"2014-11-20","CARP","CARP",0,.,.
2014,11,"2014-11-26","MOHK","MOHK",0,.,.
2014,12,"2014-12-01","MOHK","MOHK",0,.,.
2014,12,"2014-12-01","ABUR","ABUR",0,.,.
2014,12,"2014-12-05","AQUE","AQUE",0,.,.
2014,12,"2014-12-05","NAPL","NAPL",0,.,.
2015,1,"2015-01-06","AQUE","AQUE",0,.,.
2015,1,"2015-01-07","ABUR","ABUR",0,.,.
2015,1,"2015-01-07","MOHK","MOHK",0,.,.
2015,1,"2015-01-14","IVEE","IVEE",0,.,.
2015,1,"2015-01-14","GOLB","GOLB",0,.,.
2015,1,"2015-01-14","MOHK","MOHK",0,.,.
2015,1,"2015-01-14","CARP","CARP",0,.,.
2015,1,"2015-01-21","AHND","AHND",0,.,.
2015,1,"2015-01-21","AQUE","AQUE",0,.,.
2015,2,"2015-02-02","BULL","BULL",0,.,.
2015,2,"2015-02-02","AHND","ALE",0,.,.
2015,2,"2015-02-02","AQUE","AQUE",0,.,.
2015,2,"2015-02-04","ABUR","ABUR",0,.,.
2015,2,"2015-02-04","MOHK","MOHK",0,.,.
2015,2,"2015-02-06","MOHK","MOHK",0,.,.
2015,2,"2015-02-12","NAPL","NAPL",0,.,.
2015,2,"2015-02-17","IVEE","IVEE",0,.,.
2015,2,"2015-02-18","CARP","CARP",0,.,.
2015,2,"2015-02-20","MOHK","MOHK",0,.,.
2015,2,"2015-02-25","CARP","CARP",0,.,.
2015,3,"2015-03-02","AQUE","AQUE",0,.,.
2015,3,"2015-03-02","NAPL","NAPL",0,.,.
2015,3,"2015-03-04","ABUR","ABUR",0,.,.
2015,3,"2015-03-04","MOHK","MOHK",0,.,.
2015,3,"2015-03-06","AQUE","AQUE",0,.,.
2015,3,"2015-03-09","MOHK","MOHK",0,.,.
2015,3,"2015-03-10","Santa Cruz Island","Yellow Banks",0,.,.
2015,3,"2015-03-10","Santa Cruz Island","Yellow Banks",0,.,.
2015,3,"2015-03-10","SCTW","SCTW",0,.,.
2015,3,"2015-03-10","SCDI","SCDI",0,.,.
2015,3,"2015-03-26","NAPL","NAPL",0,.,.
2015,4,"2015-04-06","AQUE","AQUE",0,.,.
2015,4,"2015-04-08","MOHK","MOHK",0,.,.
2015,4,"2015-04-13","ABUR","ABUR",0,.,.
2015,4,"2015-04-23","MOHK","MOHK",0,.,.
2015,4,"2015-04-23","MOHK","MOHK",0,.,.
2015,4,"2015-04-23","AQUE","AQUE",0,.,.
2015,5,"2015-05-04","ABUR","ABUR",0,.,.
2015,5,"2015-05-07","MOHK","MOHK",0,.,.
2015,5,"2015-05-12","AQUE","AQUE",0,.,.
2015,5,"2015-05-13","MOHK","MOHK",0,.,.
2015,5,"2015-05-14","IVEE","IVEE",0,.,.
2015,5,"2015-05-18","AHND","Gaviota",0,.,.
2015,5,"2015-05-18","AQUE","AQUE",0,.,.
2015,5,"2015-05-18","AHND","ALE",0,.,.
2015,5,"2015-05-19","NAPL","NAPL",0,.,.
2015,5,"2015-05-20","CARP","CARP",0,.,.
2015,6,"2015-06-04","AQUE","AQUE",0,.,.
2015,6,"2015-06-04","IVEE","IVEE",0,.,.
2015,6,"2015-06-02","MOHK","MOHK",0,.,.
2015,6,"2015-06-09","CARP","CARP",0,.,.
2015,6,"2015-06-09","MOHK","MOHK",0,.,.
2015,6,"2015-06-17","GOLB","GOLB",0,.,.
2015,6,"2015-06-17","MOHK","MOHK",0,.,.
2015,6,"2015-06-17","IVEE","IVEE",0,.,.
2015,6,"2015-06-22","GOLB","Hope Ranch",0,.,.
2015,6,"2015-06-23","IVEE","IVEE",0,.,.
2015,6,"2015-06-24","IVEE","IVEE",0,.,.
2015,6,"2015-06-25","MOHK","MOHK",0,.,.
2015,6,"2015-06-25","IVEE","IVEE",0,.,.
2015,6,"2015-06-26","MOHK","MOHK",0,.,.
2015,7,"2015-07-01","CARP","CARP",0,.,.
2015,7,"2015-07-02","MOHK","MOHK",0,.,.
2015,7,"2015-07-08","ABUR","ABUR",0,.,.
2015,7,"2015-07-08","MOHK","MOHK",0,.,.
2015,7,"2015-07-13","AQUE","AQUE",0,.,.
2015,7,"2015-07-13","NAPL","NAPL",0,.,.
2015,7,"2015-07-09","AQUE","AQUE",0,.,.
2015,7,"2015-07-09","NAPL","NAPL",0,.,.
2015,7,"2015-07-20","ABUR","ABUR",0,.,.
2015,7,"2015-07-20","MOHK","MOHK",0,.,.
2015,7,"2015-07-21","SCTW","SCTW",0,.,.
2015,7,"2015-07-21","SCDI","SCDI",0,.,.
2015,7,"2015-07-22","BULL","BULL",0,.,.
2015,7,"2015-07-22","BULL","BULL",0,.,.
2015,7,"2015-07-22","AHND","AHND",0,.,.
2015,7,"2015-07-23","AQUE","AQUE",0,.,.
2015,7,"2015-07-23","AHND","Gaviota",0,.,.
2015,7,"2015-07-23","AQUE","AQUE",0,.,.
2015,7,"2015-07-24","IVEE","IVEE",0,.,.
2015,7,"2015-07-24","IVEE","IVEE",0,.,.
2015,7,"2015-07-27","NAPL","NAPL",0,.,.
2015,7,"2015-07-27","NAPL","NAPL",0,.,.
2015,7,"2015-07-27","GOLB","GOLB",0,.,.
2015,7,"2015-07-28","CARP","CARP",0,.,.
2015,7,"2015-07-28","CARP","CARP",0,.,.
2015,7,"2015-07-29","IVEE","IVEE",0,.,.
2015,7,"2015-07-29","GOLB","GOLB",0,.,.
2015,7,"2015-07-31","MOHK","MOHK",0,.,.
2015,8,"2015-08-03","AQUE","AQUE",0,.,.
2015,8,"2015-08-05","ABUR","ABUR",0,.,.
2015,8,"2015-08-06","MOHK","MOHK",0,.,.
2015,8,"2015-08-14","NAPL","NAPL",0,.,.
2015,8,"2015-08-14","IVEE","IVEE",0,.,.
2015,8,"2015-08-17","MOHK","MOHK",0,.,.
2015,8,"2015-08-18","CARP","CARP",0,.,.
2015,8,"2015-08-19","AHND","Gaviota",0,.,.
2015,8,"2015-08-19","AHND","ALE",0,.,.
2015,8,"2015-08-19","AQUE","AQUE",0,.,.
2015,8,"2015-08-24","AQUE","AQUE",0,.,.
2015,8,"2015-08-24","AQUE","AQUE",0,.,.
2015,8,"2015-08-25","IVEE","IVEE",0,.,.
2015,8,"2015-08-25","IVEE","IVEE",0,.,.
2015,8,"2015-08-27","MOHK","MOHK",0,.,.
2015,8,"2015-08-28","CARP","CARP",0,.,.
2015,8,"2015-08-28","CARP","CARP",0,.,.
2015,9,"2015-09-02","MOHK","MOHK",0,.,.
2015,9,"2015-09-03","AHND","Gaviota",0,.,.
2015,9,"2015-09-03","AQUE","AQUE",0,.,.
2015,8,"2015-08-26","NAPL","NAPL",0,.,.
2015,8,"2015-08-26","NAPL","NAPL",0,.,.
2015,9,"2015-09-04","ABUR","ABUR",0,.,.
2015,9,"2015-09-22","BC 1","BC 1",0,.,.
2015,9,"2015-09-22","BC 2","BC 2",0,.,.
2015,9,"2015-09-22","BC Point","BC Point",0,.,.
2015,9,"2015-09-23","SCTW","Twin E",0,.,.
2015,9,"2015-09-24","CARP","CARP",0,.,.
2015,9,"2015-09-30","ABUR","ABUR",0,.,.
2015,10,"2015-10-05","AHND","Gaviota",0,.,.
2015,10,"2015-10-05","AQUE","AQUE",0,.,.
2015,10,"2015-10-02","MOHK","MOHK",0,.,.
2015,10,"2015-10-12","Fry's 1","Fry's 1",0,.,.
2015,10,"2015-10-12","Fry's 2","Fry's 2",0,.,.
2015,10,"2015-10-12","Fry's 3","Fry's 3",0,.,.
2015,10,"2015-10-12","SCDI","SCDI",0,.,.
2015,10,"2015-10-15","SCDI","SCDI",0,.,.
2015,10,"2015-10-21","MOHK","MOHK",0,.,.
2015,10,"2015-10-21","NAPL","NAPL",0,.,.
2015,10,"2015-10-23","San Miguel","San Miguel",0,.,.
2015,10,"2015-10-26","BC 1","BC 1",0,.,.
2015,11,"2015-11-05","ABUR","ABUR",0,.,.
2015,11,"2015-11-06","SCTW","SCTW",0,.,.
2015,11,"2015-11-09","MOHK","MOHK",0,.,.
2015,11,"2015-11-11","AQUE","AQUE",0,.,.
2015,11,"2015-11-23","CARP","CARP",0,.,.
2015,11,"2015-11-24","AQUE","AQUE",0,.,.
2015,11,"2015-11-17","NAPL","NAPL",0,.,.
2015,11,"2015-11-20","IVEE","IVEE",0,.,.
2015,11,"2015-11-23","MOHK","MOHK",0,.,.
2015,11,"2015-11-30","BULL","BULL",0,.,.
2015,11,"2015-11-30","AHND","ALE",0,.,.
2015,11,"2015-11-30","AHND","AHND",0,.,.
2015,11,"2015-11-30","AQUE","AQUE",0,.,.
2015,12,"2015-12-02","MOHK","MOHK",0,.,.
2015,12,"2015-12-02","ABUR","ABUR",0,.,.
2015,12,"2015-12-02","ABUR","ABUR",0,.,.
2015,12,"2015-12-03","AQUE","AQUE",0,.,.
2015,12,"2015-12-03","NAPL","NAPL",0,.,.
2015,12,"2015-12-03","IVEE","IVEE",0,.,.
2015,11,"2015-11-23","MOHK","MOHK",0,.,.
2015,12,"2015-12-16","Refugio","REFUGIO",0,.,.
2015,12,"2015-12-16","AQUE","AQUE",0,.,.
2015,12,"2015-12-16","IVEE","IVEE",0,.,.
2015,12,"2015-12-16","AHND","AHND",0,.,.
2015,12,"2015-12-17","ABUR","ABUR",0,.,.
2015,12,"2015-12-17","GOLB","GOLB",0,.,.
2015,12,"2015-12-19","MOHK","MICR",0,.,.
2015,12,"2015-12-21","CARP","CARP",0,.,.
2016,1,"2016-01-09","MOHK","MOHK",0,.,.
2016,1,"2016-01-10","ABUR","ABUR",0,.,.
2016,1,"2016-01-11","AHND","Gaviota",0,.,.
2016,1,"2016-01-11","AQUE","AQUE",0,.,.
2016,1,"2016-01-21","NAPL","NAPL",0,.,.
2016,1,"2016-01-26","GOLB","GOLB",0,.,.
2016,1,"2016-01-27","GOLB","GOLB",0,.,.
2016,1,"2016-01-27","NAPL","NAPL",0,.,.
2016,2,"2016-02-07","MOHK","MOHK",0,.,.
2016,2,"2016-02-07","ABUR","ABUR",0,.,.
2016,2,"2016-02-09","AQUE","AQUE",0,.,.
2016,2,"2016-02-11","MOHK","MOHK",0,.,.
2016,2,"2016-02-11","NAPL","NAPL",0,.,.
2016,2,"2016-02-12","CARP","CARP",0,.,.
2016,2,"2016-02-17","MOHK","MOHK",0,.,.
2016,2,"2016-02-18","IVEE","IVEE",0,.,.
2016,2,"2016-02-19","NAPL","NAPL",0,.,.
2016,2,"2016-02-22","CARP","CARP",0,.,.
2016,2,"2016-02-22","MOHK","MOHK",0,.,.
2016,2,"2016-02-23","AQUE","AQUE",1,"FLOATING",.
2016,3,"2016-03-03","AQUE","TR8",0,.,.
2016,3,"2016-03-03","AHND","ALE",0,.,.
2016,3,"2016-03-04","AHND","ALE",0,.,.
2016,3,"2016-03-04","AQUE","AQUE",0,.,.
2016,3,"2016-03-10","MOHK","MOHK",0,.,.
2016,3,"2016-03-10","ABUR","ABUR",0,.,.
2016,3,"2016-03-17","CARP","CARP",0,.,.
2016,3,"2016-03-28","NAPL","NAPL",0,.,.
2016,3,"2016-03-28","IVEE","IVEE",0,.,.
2016,3,"2016-03-30","CARP","CARP",0,.,.
2016,3,"2016-03-30","MOHK","MOHK",0,.,.
2016,4,"2016-04-05","AQUE","AQUE",1,"FLOATING",.
2016,4,"2016-04-07","MOHK","TR6",0,.,.
2016,4,"2016-04-07","ABUR","ABUR",0,.,.
2016,4,"2016-04-12","MOHK","MOHK",0,.,.
2016,4,"2016-04-21","NAPL","NAPL",0,.,.
2016,5,"2016-05-03","MOHK","MOHK",0,.,.
2016,5,"2016-05-05","AQUE","AQUE",0,.,.
2016,5,"2016-05-05","AQUE","AQUE",0,.,.
2016,5,"2016-05-12","MOHK","MOHK",0,.,.
2016,5,"2016-05-16","IVEE","IVEE",0,.,.
2016,5,"2016-05-17","NAPL","NAPL",0,.,.
2016,5,"2016-05-18","CARP","CARP",0,.,.
2016,5,"2016-05-19","AQUE","AQUE",0,.,.
2016,5,"2016-05-31","MOHK","MOHK",0,.,.
2016,5,"2016-05-31","ABUR","ABUR",0,.,.
2016,6,"2016-06-07","AQUE","AQUE",0,.,.
2016,6,"2016-06-09","MOHK","MOHK",0,.,.
2016,6,"2016-06-08","ALE","ALEGRIA",0,.,.
2016,6,"2016-06-16","NAPL","NAPL",0,.,.
2016,6,"2016-06-16","CARP","CARP",0,.,.
2016,6,"2016-06-16","MOHK","MOHK",0,.,.
2016,6,"2016-06-21","ALE","ALEGRIA",0,.,.
2016,6,"2016-06-21","AHND","AHND",0,.,.
2016,6,"2016-06-21","AQUE","AQUE",0,.,.
2016,6,"2016-06-21","Refugio","REFUGIO",0,.,.
2016,6,"2016-06-23","IVEE","IVEE",0,.,.
2016,6,"2016-06-23","GOLB","GOLB",0,.,.
2016,6,"2016-06-23","ABUR","ABUR",0,.,.
2016,6,"2016-06-28","ABUR","ABUR",0,.,.
2016,6,"2016-06-28","MOHK","MOHK",0,.,.
2016,6,"2016-06-28","MICR","MICR",0,.,.
2016,6,"2016-06-29","MOHK","MOHK",0,.,.
2016,7,"2016-07-07","MOHK","MOHK",0,.,.
2016,7,"2016-07-08","ABUR","ABUR",0,.,.
2016,7,"2016-07-11","AQUE","AQUE",0,.,.
2016,7,"2016-07-11","NAPL","NAPL",0,.,.
2016,7,"2016-07-12","CARP","CARP",0,.,.
2016,7,"2016-07-18","IVEE","IVEE",0,.,.
2016,7,"2016-07-18","IVEE","IVEE",0,.,.
2016,7,"2016-07-18","GOLB","GOLB",0,.,.
2016,7,"2016-07-18","IVEE","IVEE",0,.,.
2016,7,"2016-07-19","ABUR","ABUR",0,.,.
2016,7,"2016-07-19","IVEE","IVEE",0,.,.
2016,7,"2016-07-19","CARP","CARP",0,.,.
2016,7,"2016-07-22","MOHK","MOHK",0,.,.
2016,7,"2016-07-26","NAPL","NAPL",0,.,.
2016,7,"2016-07-26","NAPL","NAPL",0,.,.
2016,7,"2016-07-27","IVEE","IVEE",0,.,.
2016,7,"2016-07-25","BULL","BULL",0,.,.
2016,7,"2016-07-25","AHND","AHND",0,.,.
2016,7,"2016-07-25","BULL","BULL",0,.,.
2016,7,"2016-07-22","CARP","CARP",0,.,.
2016,7,"2016-07-21","AQUE","AQUE",0,.,.
2016,7,"2016-07-21","AQUE","AQUE",0,.,.
2016,7,"2016-07-20","SCDI","SCDI",0,.,.
2016,7,"2016-07-20","SCTW","Twin W",0,.,.
2016,8,"2016-08-01","MOHK","MOHK",0,.,.
2016,8,"2016-08-02","MOHK","MOHK",0,.,.
2016,8,"2016-08-04","ABUR","ABUR",0,.,.
2016,8,"2016-08-08","AQUE","AQUE",0,.,.
2016,8,"2016-08-09","MOHK","MOHK",0,.,.
2016,8,"2016-08-15","CARP","CARP",0,.,.
2016,8,"2016-08-16","NAPL","NAPL",0,.,.
2016,8,"2016-08-17","MOHK","MOHK",0,.,.
2016,8,"2016-08-18","IVEE","IVEE",0,.,.
2016,8,"2016-08-19","AQUE","AQUE",0,.,.
2016,8,"2016-08-22","IVEE","IVEE",0,.,.
2016,8,"2016-08-22","IVEE","IVEE",0,.,.
2016,8,"2016-08-23","NAPL","NAPL",0,.,.
2016,8,"2016-08-23","NAPL","NAPL",0,.,.
2016,8,"2016-08-24","AQUE","AQUE",0,.,.
2016,8,"2016-08-24","AQUE","AQUE",0,.,.
2016,8,"2016-08-25","CARP","CARP",0,.,.
2016,8,"2016-08-25","CARP","CARP",0,.,.
2016,8,"2016-08-26","MOHK","MOHK",0,.,.
2016,8,"2016-08-31","CARP","CARP",0,.,.
2016,9,"2016-09-08","CARP","CARP",0,.,.
2016,9,"2016-09-08","MOHK","MOHK",0,.,.
2016,9,"2016-09-08","ABUR","ABUR",0,.,.
2016,9,"2016-09-01","MOHK","MOHK",0,.,.
2016,9,"2016-09-07","AQUE","AQUE",0,.,.
2016,9,"2016-09-09","ALE","ALEGRIA",0,.,.
2016,9,"2016-09-09","Gaviota","Gaviota",0,.,.
2016,9,"2016-09-09","AQUE","AQUE",0,.,.
2016,9,"2016-09-09","NAPL","NAPL",0,.,.
2016,9,"2016-09-20","MOHK","MOHK",0,.,.
2016,9,"2016-09-22","MOHK","MOHK",0,.,.
2016,9,"2016-09-27","MOHK","MOHK",0,.,.
2016,9,"2016-09-29","MOHK","MOHK",0,.,.
2016,10,"2016-10-03","CARP","CARP",0,.,.
2016,10,"2016-10-04","AQUE","AQUE",0,.,.
2016,10,"2016-10-06","MOHK","MOHK",0,.,.
2016,10,"2016-10-18","IVEE","IVEE",0,.,.
2016,10,"2016-10-20","CARP","CARP",0,.,.
2016,10,"2016-10-27","MOHK","MOHK",0,.,.
2016,11,"2016-11-01","MOHK","MOHK",0,.,.
2016,11,"2016-11-03","ABUR","ABUR",0,.,.
2016,11,"2016-11-03","MOHK","MOHK",0,.,.
2016,11,"2016-11-04","AQUE","AQUE",0,.,.
2016,11,"2016-11-08","CARP","CARP",0,.,.
2016,11,"2016-11-14","IVEE","IVEE",0,.,.
2016,11,"2016-11-14","NAPL","NAPL",0,.,.
2016,11,"2016-11-14","MOHK","MOHK",0,.,.
2016,11,"2016-11-15","CARP","CARP",0,.,.
2016,11,"2016-11-16","AQUE","AQUE",0,.,.
2016,11,"2016-11-16","NAPL","NAPL",0,.,.
2016,11,"2016-11-17","IVEE","IVEE",0,.,.
2016,11,"2016-11-17","GOLB","GOLB",0,.,.
2016,11,"2016-11-18","IVEE","IVEE",0,.,.
2016,12,"2016-12-02","ABUR","ABUR",0,.,.
2016,12,"2016-12-01","CARP","CARP",0,.,.
2016,12,"2016-12-06","NAPL","NAPL",0,.,.
2016,12,"2016-12-07","AQUE","AQUE",0,.,.
2016,12,"2016-12-07","NAPL","NAPL",0,.,.
2016,12,"2016-12-08","MOHK","MOHK",0,.,.
2017,1,"2017-01-10","AQUE","AQUE",0,.,.
2017,1,"2017-01-13","CARP","CARP",0,.,.
2016,12,"2016-12-13","CARP","CARP",0,.,.
2016,12,"2016-12-19","MOHK","MOHK",0,.,.
2016,12,"2016-12-21","BULL","BULL",0,.,.
2017,1,"2017-01-04","ABUR","ABUR",0,.,.
2017,1,"2017-01-04","MOHK","MOHK",0,.,.
2017,2,"2017-02-01","MOHK","MOHK",0,.,.
2017,2,"2017-02-01","AQUE","AQUE",0,.,.
2017,2,"2017-02-15","CARP","CARP",0,.,.
2017,2,"2017-02-14","NAPL","NAPL",0,.,.
2017,1,"2017-01-30","CARP","CARP",0,.,.
2017,2,"2017-02-09","ABUR","ABUR",0,.,.
2017,2,"2017-02-13","MOHK","MOHK",0,.,.
2017,2,"2017-02-13","MOHK","MOHK",0,.,.
2017,2,"2017-02-28","MOHK","MOHK",0,.,.
2017,3,"2017-03-02","AQUE","AQUE",0,.,.
2017,3,"2017-03-02","AQUE","AQUE",0,.,.
2017,3,"2017-03-06","NAPL","NAPL",0,.,.
2017,3,"2017-03-07","MOHK","MOHK",0,.,.
2017,3,"2017-03-10","AQUE","AQUE",0,.,.
2017,3,"2017-03-13","AQUE","AQUE",0,.,.
2017,3,"2017-03-14","GOLB","GOLB",0,.,.
2017,3,"2017-03-16","SCDI","SCDI",0,.,.
2017,3,"2017-03-16","SCTW","SCTW",0,.,.
2017,3,"2017-03-22","MOHK","MICR",0,.,.
2014,2,"2014-02-05","AQUE","AQUE",1,.,.
2016,1,"2016-01-12","AQUE","AQUE",1,.,.
2016,12,"2016-12-07","AQUE","AQUE",1,.,.
2017,3,"2017-03-22","MOHK","MOHK",0,.,.
2017,4,"2017-04-04","AHND","ALE",0,.,.
2017,4,"2017-04-04","AQUE","AQUE",0,.,.
2017,4,"2017-04-11","MOHK","MOHK",0,.,.
2017,4,"2017-04-13","CARP","CARP",0,.,.
2017,4,"2017-04-13","MOHK","MOHK",0,.,.
2017,4,"2017-04-07","ABUR","ABUR",0,.,.
2017,4,"2017-04-18","AQUE","AQUE",0,.,.
2017,4,"2017-04-18","NAPL","NAPL",0,.,.
2017,4,"2017-04-19","MOHK","MOHK",0,.,.
2017,4,"2017-04-19","GOLB","GOLB",0,.,.
2017,5,"2017-05-02","CARP","CARP",0,.,.
2017,5,"2017-05-03","MOHK","MOHK",0,.,.
2017,5,"2017-05-04","GOLB","Gaviota",0,.,.
2017,5,"2017-05-04","AQUE","AQUE",0,.,.
2017,5,"2017-05-09","GOLB","Gaviota",0,.,.
2017,5,"2017-05-09","NAPL","NAPL",0,.,.
2017,5,"2017-05-15","IVEE","IVEE",0,.,.
2017,5,"2017-05-15","IVEE","IVEE",0,.,.
2017,5,"2017-05-15","IVEE","IVEE",0,.,.
2017,5,"2017-05-15","GOLB","GOLB",0,.,.
2017,5,"2017-05-15","GOLB","GOLB",0,.,.
2017,5,"2017-05-16","NAPL","NAPL",0,.,.
2017,5,"2017-05-17","MOHK","MOHK",0,.,.
2017,5,"2017-05-18","AQUE","AQUE",0,.,.
2017,5,"2017-05-19","CARP","CARP",0,.,.
2017,5,"2017-05-23","MOHK","MOHK",0,.,.
2017,6,"2017-06-01","MOHK","MOHK",0,.,.
2017,6,"2017-06-01","ABUR","ABUR",0,.,.
2017,6,"2017-06-02","MOHK","MOHK",0,.,.
2017,6,"2017-06-05","AHND","AHND",0,.,.
2017,6,"2017-06-05","AQUE","AQUE",0,.,.
2017,6,"2017-06-05","IVEE","IVEE",0,.,.
2017,6,"2017-06-05","Refugio","REFUGIO",0,.,.
2017,6,"2017-06-06","AQUE","AQUE",0,.,.
2017,6,"2017-06-15","GOLB","GOLB",0,.,.
2017,6,"2017-06-26","BULL","BULL",0,.,.
2017,6,"2017-06-26","AHND","Gaviota",0,.,.
2017,6,"2017-06-26","AQUE","AQUE",0,.,.
2017,6,"2017-06-30","ABUR","ABUR",0,.,.
2017,6,"2017-06-30","MOHK","MOHK",0,.,.
2017,7,"2017-07-06","NAPL","NAPL",0,.,.
2017,7,"2017-07-07","ABUR","ABUR",0,.,.
2017,7,"2017-07-07","MOHK","MOHK",0,.,.
2017,7,"2017-07-11","AQUE","AQUE",0,.,.
2017,7,"2017-07-11","NAPL","NAPL",0,.,.
2017,7,"2017-07-14","BULL","BULL",0,.,.
2017,7,"2017-07-14","AHND","ALE",0,.,.
2017,7,"2017-07-17","ABUR","ABUR",0,.,.
2017,7,"2017-07-17","MOHK","MOHK",0,.,.
2017,7,"2017-07-17","ABUR","ABUR",0,.,.
2017,7,"2017-07-18","SCDI","SCDI",0,.,.
2017,7,"2017-07-18","SCTW","SCTW",0,.,.
2017,7,"2017-07-19","CARP","CARP",0,.,.
2017,7,"2017-07-19","CARP","CARP",0,.,.
2017,7,"2017-07-20","IVEE","IVEE",0,.,.
2017,7,"2017-07-20","IVEE","IVEE",0,.,.
2017,7,"2017-07-21","AQUE","AQUE",0,.,.
2017,7,"2017-07-21","AQUE","AQUE",0,.,.
2017,7,"2017-07-21","IVEE","IVEE",0,.,.
2017,7,"2017-07-24","NAPL","NAPL",0,.,.
2017,7,"2017-07-24","NAPL","NAPL",0,.,.
2017,7,"2017-07-25","BULL","BULL",0,.,.
2017,7,"2017-07-25","AHND","AHND",0,.,.
2017,7,"2017-07-25","NAPL","NAPL",0,.,.
2017,7,"2017-07-25","BULL","BULL",0,.,.
2017,7,"2017-07-25","AHND","AHND",0,.,.
2017,8,"2017-08-01","MOHK","MOHK",0,.,.
2017,8,"2017-08-03","AQUE","AQUE",0,.,.
2017,8,"2017-08-10","CARP","CARP",0,.,.
2017,8,"2017-08-10","MOHK","MICR",0,.,.
2017,8,"2017-08-11","MOHK","MOHK",0,.,.
2017,8,"2017-08-11","ABUR","ABUR",0,.,.
2017,8,"2017-08-14","NAPL","NAPL",0,.,.
2017,8,"2017-08-15","IVEE","IVEE",0,.,.
2017,8,"2017-08-15","GOLB","GOLB",0,.,.
2017,8,"2017-08-16","AQUE","AQUE",0,.,.
2017,8,"2017-08-17","GOLB","GOLB",0,.,.
2017,8,"2017-08-21","AQUE","AQUE",0,.,.
2017,8,"2017-08-21","AQUE","AQUE",0,.,.
2017,8,"2017-08-22","IVEE","IVEE",0,.,.
2017,8,"2017-08-22","IVEE","IVEE",0,.,.
2017,8,"2017-08-22","NAPL","NAPL",0,.,.
2017,8,"2017-08-23","NAPL","NAPL",0,.,.
2017,8,"2017-08-23","NAPL","NAPL",0,.,.
2017,8,"2017-08-23","GOLB","GOLB",0,.,.
2017,8,"2017-08-24","CARP","CARP",0,.,.
2017,8,"2017-08-24","CARP","CARP",0,.,.
2017,8,"2017-08-25","MOHK","MOHK",0,.,.
2017,8,"2017-08-25","CARP","CARP",0,.,.
2017,8,"2017-08-29","MOHK","MOHK",0,.,.
2017,8,"2017-08-29","CARP","CARP",0,.,.
2017,8,"2017-08-31","NAPL","NAPL",0,.,.
2017,8,"2017-08-31","GOLB","GOLB",0,.,.
2017,9,"2017-09-06","AQUE","AQUE",0,.,.
2017,9,"2017-09-06","NAPL","NAPL",0,.,.
2017,9,"2017-09-07","MOHK","MOHK",0,.,.
2017,9,"2017-09-07","ABUR","ABUR",0,.,.
2017,9,"2017-09-12","NAPL","NAPL",0,.,.
2017,9,"2017-09-12","MOHK","MOHK",0,.,.
2017,9,"2017-09-20","GOLB","GOLB",0,.,.
2017,9,"2017-09-20","AQUE","AQUE",0,.,.
2017,9,"2017-09-20","IVEE","IVEE",0,.,.
2017,9,"2017-09-20","MOHK","MOHK",0,.,.
2017,10,"2017-10-02","AQUE","AQUE",0,.,.
2017,10,"2017-10-03","MOHK","MOHK",0,.,.
2017,10,"2017-10-05","AQUE","AQUE",0,.,.
2017,10,"2017-10-05","GOLB","GOLB",0,.,.
2017,10,"2017-10-18","NAPL","NAPL",0,.,.
2017,10,"2017-10-24","MOHK","MOHK",0,.,.
2017,10,"2017-10-27","NAPL","NAPL",0,.,.
2017,10,"2017-10-27","MOHK","MOHK",0,.,.
2017,11,"2017-11-02","AHND","ALE",0,.,.
2017,11,"2017-11-02","AQUE","AQUE",0,.,.
2017,11,"2017-11-03","MOHK","MOHK",0,.,.
2017,11,"2017-11-03","MOHK","MOHK",0,.,.
2017,11,"2017-11-03","ABUR","ABUR",0,.,.
2017,11,"2017-11-14","MOHK","MOHK",0,.,.
2017,11,"2017-11-14","MOHK","MOHK",0,.,.
2017,11,"2017-11-15","AQUE","AQUE",1,"FLOATING",.
2017,11,"2017-11-16","NAPL","NAPL",0,.,.
2017,11,"2017-11-16","IVEE","IVEE",0,.,.
2017,11,"2017-11-20","MOHK","MOHK",0,.,.
2017,11,"2017-11-20","CARP","CARP",0,.,.
2017,12,"2017-12-01","CARP","CARP",0,.,.
2017,12,"2017-12-06","AQUE","AQUE",0,.,.
2017,12,"2017-12-07","MOHK","MOHK",0,.,.
2017,12,"2017-12-07","ABUR","ABUR",0,.,.
2017,12,"2017-12-13","Leo Carillo","Leo Carillo",0,.,.
2017,12,"2017-12-18","AQUE","AQUE TR 6",1,"Rafting",.
2017,12,"2017-12-18","NAPL","NAPL",0,.,.
2017,12,"2017-12-18","GOLB","GOLB",0,.,.
2017,12,"2017-12-18","ABUR","ABUR",0,.,.
2017,12,"2017-12-18","CARP","CARP",0,.,.
2017,12,"2017-12-19","BULL","BULL",1,"Rafting",.
2017,12,"2017-12-19","AHND","AHND",0,.,.
2017,12,"2017-12-19","NAPL","NAPL",0,.,.
2017,12,"2017-12-19","MOHK","MOHK",0,.,.
2018,1,"2018-01-23","AQUE","AQUE",0,.,.
2018,1,"2018-01-24","MOHK","MOHK",0,.,.
2018,1,"2018-01-24","SCDI","SCDI",0,.,.
2018,1,"2018-01-24","SCTW","Twin W",0,.,.
2018,1,"2018-01-25","IVEE","IVEE",0,.,.
2018,1,"2018-01-25","ABUR","ABUR",0,.,.
2018,2,"2018-02-01","Leo Carillo","Leo Carillo",0,.,.
2018,2,"2018-02-05","Leo Carillo","Leo Carillo",0,.,.
2018,2,"2018-02-06","NAPL","NAPL",0,.,.
2018,2,"2018-02-12","IVEE","IVEE",0,.,.
2018,2,"2018-02-15","AQUE","AQUE",0,.,.
2018,2,"2018-02-15","AHND","ALE",0,.,.
2018,2,"2018-02-16","ABUR","ABUR",0,.,.
2018,2,"2018-02-16","MOHK","MOHK",0,.,.
2018,2,"2018-02-20","CARP","CARP",0,.,.
2018,2,"2018-02-21","NAPL","NAPL",0,.,.
2018,2,"2018-02-22","MOHK","MOHK",0,.,.
2018,2,"2018-02-28","AQUE","AQUE",0,.,.
2018,3,"2018-03-07","MOHK","MOHK",0,.,.
2018,3,"2018-03-07","ABUR","ABUR",0,.,.
2018,3,"2018-03-08","CARP","CARP",0,.,.
2018,3,"2018-03-12","AQUE","AQUE",0,.,.
2018,4,"2018-04-03","MOHK","MOHK",0,.,.
2018,4,"2018-04-03","MOHK","MOHK",0,.,.
2018,4,"2018-04-05","ABUR","ABUR",0,.,.
2018,4,"2018-04-06","AQUE","AQUE",0,.,.
2018,4,"2018-04-06","NAPL","NAPL",0,.,.
2018,4,"2018-04-11","CARP","CARP",0,.,.
2018,4,"2018-04-23","GOLB","GOLB",0,.,.
2018,4,"2018-04-24","AQUE","AQUE",3,"Rafting",.
2018,4,"2018-04-24","NAPL","NAPL",0,.,.
2018,4,"2018-04-25","IVEE","IVEE",2,.,.
2018,4,"2018-04-25","IVEE","IVEE",0,.,.
2018,4,"2018-04-25","NAPL","NAPL",0,.,.
2018,5,"2018-05-02","AQUE","AQUE",0,.,.
2018,5,"2018-05-04","MOHK","MOHK",0,.,.
2018,5,"2018-05-10","AQUE","AQUE",1,"FLOATING",.
2018,5,"2018-05-10","AQUE","AQUE",0,.,.
2018,5,"2018-05-11","NAPL","NAPL",0,.,.
2018,5,"2018-05-15","MOHK","MOHK",0,.,.
2018,5,"2018-05-16","NAPL","NAPL",0,.,.
2018,5,"2018-05-22","CARP","CARP",0,.,.
2018,5,"2018-05-23","AQUE","AQUE",0,.,.
2018,5,"2018-05-24","AQUE","AQUE",0,.,.
2018,6,"2018-06-04","MOHK","MOHK",0,.,.
2018,6,"2018-06-04","ABUR","ABUR",0,.,.
2018,6,"2018-06-06","AQUE","AQUE",0,.,.
2018,6,"2018-06-08","NAPL","NAPL, TR3",1,"FLOATING",.
2018,6,"2018-06-08","AQUE","AQUE",0,.,.
2018,6,"2018-06-11","CARP","CARP",0,.,.
2018,6,"2018-06-12","AQUE","AQUE",0,.,.
2018,6,"2018-06-20","CARP","CARP",0,.,.
2018,6,"2018-06-21","NAPL","NAPL",0,.,.
2018,6,"2018-06-22","AQUE","AQUE",0,.,.
2018,6,"2018-06-26","NAPL","NAPL",0,.,.
2018,6,"2018-06-26","GOLB","GOLB",0,.,.
2018,6,"2018-06-27","IVEE","IVEE",0,.,.
2018,7,"2018-07-05","MOHK","MOHK",0,.,.
2018,7,"2018-07-06","ABUR","ABUR",0,.,.
2018,7,"2018-07-10","AQUE","AQUE",0,.,.
2018,7,"2018-07-10","GOLB","GOLB",0,.,.
2018,7,"2018-07-11","BULL","BULL",0,.,.
2018,7,"2018-07-11","AHND","AHND",0,.,.
2018,7,"2018-07-12","SCTW","Twin W",0,.,.
2018,7,"2018-07-12","SCDI","SCDI",0,.,.
2018,7,"2018-07-16","NAPL","NAPL",0,.,.
2018,7,"2018-07-16","NAPL","NAPL",0,.,.
2018,7,"2018-07-17","ABUR","ABUR",0,.,.
2018,7,"2018-07-17","GOLB","GOLB",0,.,.
2018,7,"2018-07-17","MOHK","MOHK",0,.,.
2018,7,"2018-07-18","CARP","CARP",0,.,.
2018,7,"2018-07-18","CARP","CARP",0,.,.
2018,7,"2018-07-19","SCTW","Twin W",0,.,.
2018,7,"2018-07-19","SCDI","SCDI",0,.,.
2018,7,"2018-07-20","IVEE","IVEE",0,.,.
2018,7,"2018-07-20","IVEE","IVEE",0,.,.
2018,7,"2018-07-23","AQUE","AQUE",0,.,.
2018,7,"2018-07-23","BULL","BULL",0,.,.
2018,7,"2018-07-23","AQUE","AQUE",0,.,.
2018,7,"2018-07-23","AHND","AHND",0,.,.
2018,7,"2018-07-31","AQUE","AQUE",0,.,.
2018,8,"2018-08-02","BULL","BULL",0,.,.
2018,8,"2018-08-03","MOHK","MOHK",0,.,.
2018,8,"2018-08-03","ABUR","ABUR",0,.,.
2018,8,"2018-08-06","AQUE","AQUE",0,.,.
2018,8,"2018-08-09","IVEE","IVEE",0,.,.
2018,8,"2018-08-13","NAPL","NAPL",0,.,.
2018,8,"2018-08-14","CARP","CARP",0,.,.
2018,8,"2018-08-14","MOHK","MICR",0,.,.
2018,8,"2018-08-15","MOHK","MOHK",0,.,.
2018,8,"2018-08-15","ABUR","ABUR",0,.,.
2018,8,"2018-08-15","GOLB","GOLB",0,.,.
2018,8,"2018-08-16","AQUE","AQUE",0,.,.
2018,8,"2018-08-20","AQUE","AQUE",0,.,.
2018,8,"2018-08-20","AQUE","AQUE",0,.,.
2018,8,"2018-08-21","IVEE","IVEE",0,.,.
2018,8,"2018-08-21","IVEE","IVEE",0,.,.
2018,8,"2018-08-21","GOLB","GOLB",0,.,.
2018,8,"2018-08-22","CARP","CARP",0,.,.
2018,8,"2018-08-22","CARP","CARP",0,.,.
2018,8,"2018-08-22","MOHK","MOHK",0,.,.
2018,8,"2018-08-23","NAPL","NAPL",0,.,.
2018,8,"2018-08-23","NAPL","NAPL",0,.,.
2018,8,"2018-08-24","IVEE","IVEE",0,.,.
2018,8,"2018-08-24","MOHK","MOHK",0,.,.
2018,9,"2018-09-06","AQUE","AQUE",0,.,.
2018,9,"2018-09-07","ABUR","ABUR",0,.,.
2018,9,"2018-09-07","MOHK","MOHK",0,.,.
2018,9,"2018-09-10","GOLB","Hope Ranch",0,.,.
2018,9,"2018-09-10","GOLB","MESA",0,.,.
2018,9,"2018-09-11","GOLB","GOLB",0,.,.
2018,9,"2018-09-12","IVEE","IVEE",0,.,.
2018,9,"2018-09-13","AHND","ALE",0,.,.
2018,9,"2018-09-13","GOLB","MESA",0,.,.
2018,9,"2018-09-21","AQUE","AQUE",0,.,.
2018,9,"2018-09-24","IVEE","IVEE",0,.,.
2018,9,"2018-09-24","IVEE","Ellwood",0,.,.
2018,9,"2018-09-25","IVEE","Ellwood",0,.,.
2018,9,"2018-09-25","MOHK","MOHK",0,.,.
2018,9,"2018-09-27","CARP","CARP",0,.,.
2018,10,"2018-10-04","ABUR","ABUR",0,.,.
2018,10,"2018-10-04","MOHK","MOHK",0,.,.
2018,10,"2018-10-04","MOHK","MOHK",0,.,.
2018,10,"2018-10-05","AQUE","AQUE",0,.,.
2018,10,"2018-10-05","AQUE","AQUE",0,.,.
2018,10,"2018-10-11","NAPL","NAPL",0,.,.
2018,10,"2018-10-11","IVEE","IVEE",0,.,.
2018,10,"2018-10-17","AQUE","AQUE",0,.,.
2018,10,"2018-10-17","NAPL","NAPL",0,.,.
2018,10,"2018-10-18","IVEE","Ellwood",0,.,.
2018,10,"2018-10-24","Refugio","REFUGIO",0,.,.
2018,10,"2018-10-29","MOHK","MOHK",0,.,.
2018,10,"2018-10-31","GOLB","GOLB",0,.,.
2018,11,"2018-11-01","AQUE","AQUE",0,.,.
2018,11,"2018-11-02","ABUR","ABUR",0,.,.
2018,11,"2018-11-02","MOHK","MOHK",0,.,.
2018,11,"2018-11-08","MOHK","MOHK",0,.,.
2018,11,"2018-11-09","IVEE","IVEE",0,.,.
2018,11,"2018-11-13","NAPL","NAPL",0,.,.
2018,11,"2018-11-15","AQUE","AQUE",0,.,.
2018,11,"2018-11-16","CARP","CARP",0,.,.
2018,12,"2018-12-04","AQUE","AQUE",0,.,.
2018,12,"2018-12-11","NAPL","NAPL",0,.,.
2018,12,"2018-12-11","ABUR","ABUR",0,.,.
2018,12,"2018-12-11","MOHK","MOHK",0,.,.
2018,12,"2018-12-13","ALE","ALEGRIA",0,.,.
2018,12,"2018-12-13","BULL","BULL",0,.,.
2018,12,"2018-12-13","AHND ","AHND ",0,.,.
2019,1,"2019-01-03","AQUE","AQUE 6",1,"Feeding",.
2019,1,"2019-01-04","MOHK","MOHK",0,.,.
2019,1,"2019-01-04","ABUR","ABUR",0,.,.
2019,1,"2019-01-07","NAPL","NAPL",0,.,.
2019,1,"2019-01-08","SCTW","Twin",0,.,.
2019,1,"2019-01-08","SCDI","Diablo",0,.,.
2019,1,"2019-01-24","CARP","CARP",0,.,.
2019,1,"2019-01-30","GOLB","GOLB",0,.,.
2019,1,"2019-01-30","IVEE","IVEE",0,.,.
2019,2,"2019-02-07","MOHK","MOHK",0,.,.
2019,2,"2019-02-07","MOHK","MOHK",0,.,.
2019,2,"2019-02-07","ABUR","ABUR",0,.,.
2019,2,"2019-02-08","AQUE","AQUE",0,.,.
2019,2,"2019-02-12","NAPL","NAPL",0,.,.
2019,2,"2019-02-12","IVEE","IVEE",0,.,.
2019,2,"2019-02-12","MOHK","MOHK",0,.,.
2019,2,"2019-02-22","AQUE","AQUE",0,.,.
2019,2,"2019-02-22","AQUE","AQUE",0,.,.
2019,2,"2019-02-25","CARP","CARP",0,.,.
2019,2,"2019-02-25","MOHK","MOHK",0,.,.
2019,2,"2019-02-26","NAPL","NAPL",0,.,.
2019,2,"2019-02-26","NAPL","NAPL",0,.,.
2019,3,"2019-03-04","ABUR","ABUR",0,.,.
2019,3,"2019-03-04","MOHK","MOHK",0,.,.
2019,3,"2019-03-05","AQUE","AQUE",0,.,.
2019,3,"2019-03-05","NAPL","NAPL",0,.,.
2019,3,"2019-03-14","ALE","ALEGRIA",0,.,.
2019,3,"2019-03-14","NAPL","NAPL",0,.,.
2019,4,"2019-04-01","MOHK","MOHK",0,.,.
2019,4,"2019-04-01","ABUR","ABUR",0,.,.
2019,4,"2019-04-04","AQUE","AQUE",0,.,.
2019,4,"2019-04-11","NAPL","NAPL",0,.,.
2019,4,"2019-04-11","KELP FARM","KELP FARM",0,.,.
2019,4,"2019-04-19","GOLB","GOLB",0,.,.
2019,4,"2019-04-23","NAPL","NAPL",0,.,.
2019,4,"2019-04-23","AQUE","AQUE",0,.,.
2019,4,"2019-04-25","CARP","CARP",0,.,.
2019,4,"2019-04-25","MOHK","MOHK",0,.,.
2019,4,"2019-04-25","IVEE","IVEE",1,"FEEDING",.
2019,5,"2019-05-03","ABUR","ABUR",0,.,.
2019,5,"2019-05-03","MOHK","MOHK",0,.,.
2019,5,"2019-05-05","KELP FARM","KELP FARM",0,.,.
2019,5,"2019-05-06","KELP FARM","KELP FARM",0,.,.
2019,5,"2019-05-07","KELP FARM","KELP FARM",0,.,.
2019,5,"2019-05-08","KELP FARM","KELP FARM",0,.,.
2019,5,"2019-05-09","KELP FARM","KELP FARM",0,.,.
2019,5,"2019-05-10","AQUE","AQUE",0,.,.
2019,5,"2019-05-13","CARP","CARP",0,.,.
2019,5,"2019-05-14","IVEE","IVEE",0,.,.
2019,5,"2019-05-14","NAPL","NAPL",0,.,.
2019,5,"2019-05-15","MOHK","MOHK",0,.,.
2019,5,"2019-05-24","KELP FARM","KELP FARM",0,.,.
2019,6,"2019-06-04","MOHK","MOHK",0,.,.
2019,6,"2019-06-04","ABUR","ABUR",0,.,.
2019,6,"2019-06-06","AQUE","AQUE",0,.,.
2019,6,"2019-06-11","AQUE","AQUE",0,.,.
2019,6,"2019-06-13","MOHK","MOHK",0,.,.
2019,6,"2019-06-14","AQUE","AQUE",0,.,.
2019,6,"2019-06-20","MOHK","MOHK",0,.,.
2019,6,"2019-06-20","KELP FARM","KELP FARM",0,.,.
2019,6,"2019-06-25","NAPL","NAPL",0,.,.
2019,6,"2019-06-26","BULL","BULL",0,.,.
2019,6,"2019-06-26","BULL","BULL",0,.,.
2019,6,"2019-06-26","BULL","ALE",0,.,.
2019,6,"2019-06-27","NAPL","NAPL",0,.,.
2019,6,"2019-06-28","MOHK","MOHK",0,.,.
2019,7,"2019-07-02","AQUE","AQUE",0,.,.
2019,7,"2019-07-08","ABUR","ABUR",0,.,.
2019,7,"2019-07-08","GOLB","GOLB",0,.,.
2019,7,"2019-07-09","IVEE","IVEE",0,.,.
2019,7,"2019-07-10","MOHK","MOHK",0,.,.
2019,7,"2019-07-11","CARP","CARP",0,.,.
2019,7,"2019-07-16","AQUE","AQUE",1,"RAFTING",.
2019,7,"2019-07-17","MOHK","MOHK",0,.,.
2019,7,"2019-07-17","ABUR","ABUR",0,.,.
2019,7,"2019-07-17","GOLB","GOLB",0,.,.
2019,7,"2019-07-17","ABUR","ABUR",0,.,.
2019,7,"2019-07-18","NAPL","NAPL",0,.,.
2019,7,"2019-07-18","NAPL","NAPL",0,.,.
2019,7,"2019-07-19","AQUE","AQUE",0,.,.
2019,7,"2019-07-19","AQUE","AQUE",1,"GROOMING",.
2019,7,"2019-07-19","IVEE","IVEE",0,.,.
2019,7,"2019-07-22","SCTW","SCTW",0,.,.
2019,7,"2019-07-22","SCDI","Diablo",0,.,.
2019,7,"2019-07-23","CARP","CARP",0,.,.
2019,7,"2019-07-23","CARP","CARP",0,.,.
2019,7,"2019-07-24","IVEE","IVEE",0,.,.
2019,7,"2019-07-24","AQUE","AQUE",0,.,.
2019,7,"2019-07-25","BULL","BULL",0,.,.
2019,7,"2019-07-25","AQUE","AQUE",0,.,.
2019,7,"2019-07-30","SCTW","SCTW",0,.,.
2019,7,"2019-07-30","SCDI","Diablo",0,.,.
2019,7,"2019-07-30","ABUR","ABUR",0,.,.
2019,8,"2019-08-01","IVEE","IVEE",0,.,.
2019,8,"2019-08-02","MOHK","MOHK",0,.,.
2019,8,"2019-08-02","ABUR","ABUR",0,.,.
2019,8,"2019-08-05","MOHK","MOHK",0,.,.
2019,8,"2019-08-05","AQUE","AQUE",0,.,.
2019,8,"2019-08-05","NAPL","NAPL",0,.,.
2019,8,"2019-08-09","MOHK","MOHK",0,.,.
2019,8,"2019-08-12","CARP","CARP",0,.,.
2019,8,"2019-08-13","MOHK","MOHK",0,.,.
2019,8,"2019-08-13","ABUR","ABUR",0,.,.
2019,8,"2019-08-14","AQUE","AQUE",0,.,.
2019,8,"2019-08-14","GOLB","GOLB",0,.,.
2019,8,"2019-08-15","NAPL","NAPL",0,.,.
2019,8,"2019-08-15","IVEE","IVEE",0,.,.
2019,8,"2019-08-16","IVEE","IVEE",0,.,.
2019,8,"2019-08-19","MOHK","MOHK",0,.,.
2019,8,"2019-08-20","MOHK","MOHK",0,.,.
2019,8,"2019-08-22","IVEE","IVEE",0,.,.
2019,8,"2019-08-22","NAPL","NAPL",0,.,.
2019,8,"2019-08-22","IVEE","IVEE",0,.,.
2019,8,"2019-08-23","NAPL","NAPL",0,.,.
2019,8,"2019-08-23","NAPL","NAPL",0,.,.
2019,8,"2019-08-26","CARP","CARP",0,.,.
2019,8,"2019-08-26","CARP","CARP",0,.,.
2019,8,"2019-08-27","IVEE","IVEE",0,.,.
2019,8,"2019-08-27","MOHK","MOHK",0,.,.
2019,8,"2019-08-28","AQUE","AQUE",0,.,.
2019,8,"2019-08-28","AQUE","AQUE",0,.,.
2019,8,"2019-08-29","CARP","CARP",0,.,.
2019,8,"2019-08-29","MOHK","MOHK",0,.,.
2019,8,"2019-08-29","MOHK","MOHK",0,.,.
2019,9,"2019-09-06","AQUE","AQUE",0,.,.
2019,9,"2019-09-12","ABUR","ABUR",0,.,.
2019,9,"2019-09-12","MOHK","MOHK",0,.,.
2019,9,"2019-09-25","AQUE","AQUE",0,.,.
2019,9,"2019-09-26","MOHK","MOHK",0,.,.
2019,10,"2019-10-02","CARP","CARP",0,.,.
2019,10,"2019-10-02","MOHK","MOHK",0,.,.
2019,10,"2019-10-03","AQUE","AQUE",0,.,.
2019,10,"2019-10-03","NAPL","NAPL",0,.,.
2019,10,"2019-10-03","GOLB","GOLB",0,.,.
2019,10,"2019-10-04","ABUR","ABUR",0,.,.
2019,10,"2019-10-04","MOHK","MOHK",0,.,.
2019,10,"2019-10-08","ALE","ALEGRIA",0,.,.
2019,10,"2019-10-08","AQUE","AQUE",0,.,.
2019,10,"2019-10-08","NAPL","NAPL",0,.,.
2019,10,"2019-10-10","MOHK","MOHK",0,.,.
2019,10,"2019-10-10","IVEE","IVEE",0,.,.
2019,10,"2019-10-16","IVEE","IVEE",0,.,.
2019,10,"2019-10-16","MOHK","MOHK",0,.,.
2019,10,"2019-10-16","CARP","CARP",0,.,.
2019,10,"2019-10-17","AQUE","AQUE",0,.,.
2019,10,"2019-10-18","NAPL","NAPL",0,.,.
2019,10,"2019-10-24","AQUE","AQUE",0,.,.
2019,10,"2019-10-24","GOLB","GOLB",0,.,.
2019,10,"2019-10-30","MOHK","MOHK",0,.,.
2019,11,"2019-11-01","CARP","CARP",0,.,.
2019,11,"2019-11-01","ABUR","ABUR",0,.,.
2019,11,"2019-11-01","MOHK","MOHK",0,.,.
2019,11,"2019-11-04","AQUE","AQUE",0,.,.
2019,11,"2019-11-06","MOHK","MOHK",0,.,.
2019,11,"2019-11-18","AQUE","AQUE",0,.,.
2019,11,"2019-11-18","NAPL","NAPL",0,.,.
2019,11,"2019-11-19","MOHK","MOHK",0,.,.
2019,11,"2019-11-25","IVEE","IVEE",0,.,.
2019,12,"2019-12-03","AQUE","AQUE",0,.,.
2019,12,"2019-12-03","NAPL","NAPL",0,.,.
2019,12,"2019-12-05","MOHK","MOHK",0,.,.
2019,12,"2019-12-05","ABUR","ABUR",0,.,.
2019,12,"2019-12-06","MOHK","MOHK",0,.,.
2019,12,"2019-12-06","MOHK","MICR",0,.,.
2019,12,"2019-12-09","CARP","CARP",0,.,.
2019,12,"2019-12-09","MOHK","MOHK",0,.,.
2019,12,"2019-12-13","MOHK","MOHK",0,.,.
2019,12,"2019-12-18","BULL","BULL",5,"RAFTING",.
2019,12,"2019-12-18","ALE","ALEGRIA",1,"FLOATING",.
2019,12,"2019-12-18","AQUE","AQUE",0,.,.
2019,12,"2019-12-18","NAPL","NAPL",0,.,.
2019,12,"2019-12-19","AQUE","AQUE",0,.,.
2019,12,"2019-12-20","SCDI","SCDI",0,.,.
2019,12,"2019-12-20","SCTW","SCTW",0,.,.
2020,1,"2020-01-07","AQUE","AQUE",0,.,.
2020,1,"2020-01-14","MOHK","MOHK",0,.,.
2020,1,"2020-01-14","ABUR","ABUR",0,.,.
2020,1,"2020-01-20","AQUE","AQUE",0,.,.
2020,1,"2020-01-20","NAPL","NAPL",0,.,.
2020,1,"2020-01-23","IVEE","IVEE",0,.,.
2020,1,"2020-01-23","GOLB","GOLB",0,.,.
2020,1,"2020-01-23","MOHK","MOHK",0,.,.
2020,2,"2020-02-04","MOHK","MOHK",0,.,.
2020,2,"2020-02-04","ABUR","ABUR",0,.,.
2020,2,"2020-02-06","AQUE","AQUE",0,.,.
2020,2,"2020-02-10","CARP","CARP",0,.,.
2020,2,"2020-02-11","AQUE","AQUE",0,.,.
2020,2,"2020-02-13","IVEE","IVEE",0,.,.
2020,2,"2020-02-12","MOHK","MOHK",0,.,.
2020,2,"2020-02-18","NAPL","NAPL",0,.,.
2020,2,"2020-02-18","AQUE","AQUE",0,.,.
2020,2,"2020-02-19","NAPL","NAPL",0,.,.
2020,2,"2020-02-24","CARP","CARP",0,.,.
2020,2,"2020-02-24","MOHK","MOHK",0,.,.
2020,2,"2020-02-27","IVEE","IVEE",0,.,.
2020,3,"2020-03-02","ABUR","ABUR",0,.,.
2020,3,"2020-03-03","AQUE","AQUE",0,.,.
2020,3,"2020-03-05","MOHK","MOHK",0,.,.
2020,3,"2020-03-12","MOHK","MOHK",0,.,.
2020,3,"2020-03-14","ALE","ALE",0,.,.
2020,3,"2020-03-14","NAPL","NAPL",0,.,.
2020,3,"2020-03-17","MOHK","MOHK",0,.,.
2020,3,"2020-03-17","KELP FARM","KELP FARM",0,.,.
2020,3,"2020-03-19","KELP FARM","KELP FARM",0,.,.
2020,3,"2020-03-19","MOHK","MOHK",0,.,.
2020,4,"2020-04-29","AQUE","AQUE",0,.,.
2020,4,"2020-04-29","KELP FARM","KELP FARM",0,.,.
2020,4,"2020-04-29","MOHK","MOHK",0,.,.
2020,5,"2020-05-11","AQUE","AQUE",1,"FEEDING",.
2020,5,"2020-05-11","IVEE","IVEE",1,"EATING",.
2020,5,"2020-05-22","AQUE","AQUE",0,.,.
2020,5,"2020-05-22","NAPL","NAPL",0,.,.
2020,5,"2020-05-22","KELP FARM","KELP FARM",0,.,.
2020,5,"2020-05-22","MOHK","MOHK",0,.,.
2020,6,"2020-06-17","CARP","CARP",0,.,.
2020,6,"2020-06-17","MOHK","MOHK",0,.,.
2020,6,"2020-06-17","KELP FARM","KELP FARM",0,.,.
2020,6,"2020-06-19","MOHK","MOHK",0,.,.
2020,6,"2020-06-19","KELP FARM","KELP FARM",0,.,.
2020,7,"2020-07-08","MOHK","MOHK",0,.,.
2020,7,"2020-07-10","AQUE","AQUE",0,.,.
2020,7,"2020-07-10","NAPL","NAPL",0,.,.
2020,7,"2020-07-10","IVEE","IVEE",0,.,.
2020,7,"2020-07-13","ABUR","ABUR",0,.,.
2020,7,"2020-07-13","MOHK","MOHK",0,.,.
2020,7,"2020-07-13","GOLB","GOLB",0,.,.
2020,7,"2020-07-20","CARP","CARP",0,.,.
2020,7,"2020-07-20","CARP","CARP",0,.,.
2020,7,"2020-07-21","MOHK","MOHK",0,.,.
2020,7,"2020-07-21","GOLB","GOLB",0,.,.
2020,7,"2020-07-21","MOHK","MOHK",0,.,.
2020,7,"2020-07-21","ABUR","ABUR",0,.,.
2020,7,"2020-07-22","IVEE","IVEE",0,.,.
2020,7,"2020-07-22","IVEE","IVEE",0,.,.
2020,7,"2020-07-23","NAPL","NAPL",0,.,.
2020,7,"2020-07-23","NAPL","NAPL",0,.,.
2020,7,"2020-07-27","AQUE","AQUE",0,.,.
2020,7,"2020-07-27","AQUE","AQUE",0,.,.
2020,7,"2020-07-28","BULL","BULL",0,.,.
2020,7,"2020-07-28","AHND","AHND",0,.,.
2020,7,"2020-07-28","BULL","BULL",0,.,.
2020,7,"2020-07-28","AQUE","AQUE",0,.,.
2020,7,"2020-07-29","SCTW","SCTW",0,.,.
2020,7,"2020-07-29","SCDI","SCDI",0,.,.
2020,8,"2020-08-04","MOHK","MOHK",0,.,.
2020,8,"2020-08-06","MOHK","MOHK",0,.,.
2020,8,"2020-08-06","ABUR","ABUR",0,.,.
2020,8,"2020-08-06","GOLB","GOLB",0,.,.
2020,8,"2020-08-07","AQUE","AQUE",0,.,.
2020,8,"2020-08-11","CARP","CARP",0,.,.
2020,8,"2020-08-12","MOHK","MOHK",0,.,.
2020,8,"2020-08-13","NAPL","NAPL",0,.,.
2020,8,"2020-08-13","IVEE","IVEE",0,.,.
2020,8,"2020-08-14","AQUE","AQUE",0,.,.
2020,8,"2020-08-14","Other","Other",0,.,.
2020,8,"2020-08-14","MOHK","MOHK",0,.,.
2020,8,"2020-08-20","ALE","ALE",0,.,.
2020,8,"2020-08-20","AQUE","AQUE",0,.,.
2020,8,"2020-08-21","MOHK","MOHK",0,.,.
2020,8,"2020-08-24","CARP","CARP",0,.,.
2020,8,"2020-08-24","CARP","CARP",0,.,.
2020,8,"2020-08-24","CARP","CARP",0,.,.
2020,8,"2020-08-25","IVEE","IVEE",0,.,.
2020,8,"2020-08-25","IVEE","IVEE",0,.,.
2020,8,"2020-08-25","IVEE","IVEE",0,.,.
2020,8,"2020-08-26","NAPL","NAPL",0,.,.
2020,8,"2020-08-26","NAPL","NAPL",0,.,.
2020,8,"2020-08-26","NAPL","NAPL",0,.,.
2020,8,"2020-08-27","AQUE","AQUE",0,.,.
2020,8,"2020-08-27","AQUE","AQUE",0,.,.
2020,8,"2020-08-27","AQUE","AQUE",0,.,.
2020,8,"2020-08-28","MOHK","MOHK",0,.,.
2020,9,"2020-09-01","AQUE","AQUE",0,.,.
2020,9,"2020-09-01","NAPL","NAPL",0,.,.
2020,9,"2020-09-02","MOHK","MOHK",0,.,.
2020,9,"2020-09-02","ABUR","ABUR",0,.,.
2020,9,"2020-09-17","NAPL","NAPL",0,.,.
2020,9,"2020-09-17","MOHK","MOHK",0,.,.
2020,9,"2020-09-18","CARP","CARP",0,.,.
2020,10,"2020-10-02","CARP","CARP",0,.,.
2020,10,"2020-10-05","MOHK","MOHK",0,.,.
2020,10,"2020-10-05","ABUR","ABUR",0,.,.
2020,10,"2020-10-06","NAPL","NAPL",0,.,.
2020,10,"2020-10-06","AQUE","AQUE",0,.,.
2020,10,"2020-10-09","MOHK","MOHK",0,.,.
2020,10,"2020-10-12","IVEE","IVEE",0,.,.
2020,10,"2020-10-14","AQUE","AQUE",0,.,.
2020,10,"2020-10-16","MOHK","MOHK",0,.,.
2020,10,"2020-10-16","IVEE","IVEE",0,.,.
2020,10,"2020-10-19","MOHK","MOHK",0,.,.
2020,10,"2020-10-21","CARP","CARP",0,.,.
2020,10,"2020-10-29","NAPL","NAPL",0,.,.
2020,10,"2020-10-30","NAPL","NAPL",0,.,.
2020,10,"2020-10-30","MOHK","MOHK",0,.,.
2020,11,"2020-11-02","AQUE","AQUE",0,.,.
2020,11,"2020-11-04","MOHK","MOHK",0,.,.
2020,11,"2020-11-04","ABUR","ABUR",0,.,.
2020,11,"2020-11-10","MOHK","MOHK",0,.,.
2020,11,"2020-11-11","CARP","CARP",0,.,.
2020,11,"2020-11-13","AQUE","AQUE",0,.,.
2020,11,"2020-11-16","IVEE","IVEE",0,.,.
2020,11,"2020-11-16","NAPL","NAPL",0,.,.
2020,11,"2020-11-30","ALE","ALE",0,.,.
2020,11,"2020-11-30","AQUE","AQUE",0,.,.
2020,12,"2020-12-03","MOHK","MOHK",0,.,.
2020,12,"2020-12-04","AQUE","AQUE",0,.,.
2020,12,"2020-12-04","ABUR","ABUR",0,.,.
2020,12,"2020-12-11","NAPL","NAPL",0,.,.
2020,12,"2020-12-16","AQUE","AQUE",0,.,.
2020,12,"2020-12-16","MOHK","MOHK",0,.,.
2021,1,"2021-01-06","AQUE","AQUE",0,.,.
2021,1,"2021-01-12","MOHK","MOHK",0,.,.
2021,1,"2021-01-15","CARP","CARP",0,.,.
2021,1,"2021-01-20","NAPL","NAPL",0,.,.
2021,1,"2021-01-20","IVEE","IVEE",0,.,.
2021,1,"2021-01-22","AQUE","AQUE",0,.,.
2021,1,"2021-01-22","IVEE","IVEE",0,.,.
2021,2,"2021-02-04","MOHK","MOHK",0,.,.
2021,2,"2021-02-04","ABUR","ABUR",0,.,.
2021,2,"2021-02-05","AQUE","AQUE",1,"Floating",.
2021,2,"2021-02-05","NAPL","NAPL",0,.,.
2021,2,"2021-02-11","CARP","CARP",0,.,.
2021,2,"2021-02-18","NAPL","NAPL",0,.,.
2021,2,"2021-02-18","IVEE","IVEE",0,.,.
2021,2,"2021-02-19","MOHK","MOHK",0,.,.
2021,2,"2021-02-25","AQUE","AQUE",0,.,.
2021,3,"2021-03-04","AQUE","AQUE",0,.,.
2021,3,"2021-03-08","MOHK","MOHK",0,.,.
2021,3,"2021-03-08","ABUR","ABUR",0,.,.
2021,3,"2021-03-12","CARP","CARP",0,.,.
2021,3,"2021-03-18","MOHK","MOHK",0,.,.
2021,3,"2021-03-18","IVEE","IVEE",0,.,.
2021,3,"2021-03-24","AQUE","AQUE",0,.,.
2021,3,"2021-03-24","NAPL","NAPL",0,.,.
2021,4,"2021-04-01","MOHK","MOHK",0,.,.
2021,4,"2021-04-01","ABUR","ABUR",0,.,.
2021,4,"2021-04-02","AQUE","AQUE",0,.,.
2021,4,"2021-04-13","SCTW","SCTW",0,.,.
2021,4,"2021-04-13","PEDRO PT","PEDRO PT",0,.,.
2021,4,"2021-04-15","PEDRO PT","PEDRO PT",0,.,.
2021,4,"2021-04-20","PEDRO PT","PEDRO PT",0,.,.
2021,4,"2021-04-22","Other","Other",0,.,.
2021,5,"2021-05-03","CARP","CARP",0,.,.
2021,5,"2021-05-03","KELP FARM","KELP FARM",0,.,.
2021,5,"2021-05-06","AQUE","AQUE",0,.,.
2021,5,"2021-05-07","MOHK","MOHK",0,.,.
2021,5,"2021-05-07","ABUR","ABUR",0,.,.
2021,5,"2021-05-10","CARP","CARP",0,.,.
2021,5,"2021-05-11","NAPL","NAPL",0,.,.
2021,5,"2021-05-11","IVEE","IVEE",0,.,.
2021,5,"2021-05-13","MOHK","MOHK",0,.,.
2021,5,"2021-05-14","AQUE","AQUE",0,.,.
2021,5,"2021-05-18","NAPL","NAPL",0,.,.
2021,5,"2021-05-25","GOLB","GOLB",0,.,.
2021,5,"2021-05-25","MOHK","MOHK",0,.,.
2021,5,"2021-05-26","KELP FARM","KELP FARM",0,.,.
2021,5,"2021-05-28","Other","Other",0,.,.
2021,6,"2021-06-01","MOHK","MOHK",0,.,.
2021,6,"2021-06-01","ABUR","ABUR",0,.,.
2021,6,"2021-06-10","AQUE","AQUE",0,.,.
2021,6,"2021-06-13","MOHK","MOHK",0,.,.
2021,6,"2021-06-21","MOHK","MOHK",0,.,.
2021,6,"2021-06-22","AQUE","AQUE",0,.,.
2021,6,"2021-06-22","IVEE","IVEE",0,.,.
2021,6,"2021-06-24","NAPL","NAPL",0,.,.
2021,6,"2021-06-24","MOHK","MOHK",0,.,.
2021,6,"2021-06-29","KELP FARM","KELP FARM",0,.,.
2021,6,"2021-06-30","MOHK","MOHK",0,.,.
2021,7,"2021-07-08","AQUE","AQUE",0,.,.
2021,7,"2021-07-08","NAPL","NAPL",0,.,.
2021,7,"2021-07-09","MOHK","MOHK",0,.,.
2021,7,"2021-07-09","ABUR","ABUR",0,.,.
2021,7,"2021-07-13","NAPL","NAPL",0,.,.
2021,7,"2021-07-13","IVEE","IVEE",0,.,.
2021,7,"2021-07-16","NAPL","NAPL",0,.,.
2021,7,"2021-07-16","GOLB","GOLB",0,.,.
2021,7,"2021-07-19","IVEE","IVEE",0,.,.
2021,7,"2021-07-19","IVEE","IVEE",0,.,.
2021,7,"2021-07-19","IVEE","IVEE",0,.,.
2021,7,"2021-07-20","CARP","CARP",0,.,.
2021,7,"2021-07-20","CARP","CARP",0,.,.
2021,7,"2021-07-20","CARP","CARP",0,.,.
2021,7,"2021-07-21","AHND ","AHND ",0,.,.
2021,7,"2021-07-21","BULL","BULL",0,.,.
2021,7,"2021-07-22","AQUE","AQUE",0,.,.
2021,7,"2021-07-22","AQUE","AQUE",0,.,.
2021,7,"2021-07-22","AQUE","AQUE",0,.,.
2021,7,"2021-07-23","ABUR","ABUR",0,.,.
2021,7,"2021-07-23","MOHK","MOHK",0,.,.
2021,7,"2021-07-26","NAPL","NAPL",0,.,.
2021,7,"2021-07-26","NAPL","NAPL",0,.,.
2021,7,"2021-07-27","SCDI","SCDI",0,.,.
2021,7,"2021-07-27","SCTW","SCTW",0,.,.
2021,7,"2021-07-28","GOLB","GOLB",0,.,.
